rebalance_date,rank,symbol,trailing_90d_median_yahoo_dollar_volume,valid_volume_obs_90d
2021-01-01,1,BTC-USD,34298065707.5,90
2021-01-01,2,ETH-USD,14036488881.5,90
2021-01-01,3,XRP-USD,5297277164.5,90
2021-01-01,4,LTC-USD,3800395553.0,90
2021-01-01,5,BCH-USD,2394786191.5,90
2021-01-01,6,EOS-USD,2299135508.5,90
2021-01-01,7,LINK-USD,1369994562.0,90
2021-01-01,8,XMR-USD,975060986.0,90
2021-01-01,9,TRX-USD,944960491.5,90
2021-01-01,10,ADA-USD,839499928.5,90
2021-01-01,11,BSV-USD,690681469.5,90
2021-01-01,12,ETC-USD,676452204.0,90
2021-01-01,13,DASH-USD,483874826.0,90
2021-01-01,14,ZEC-USD,475497537.0,90
2021-01-01,15,NEO-USD,456333362.5,90
2021-01-01,16,BNB-USD,405797678.0,90
2021-01-01,17,QTUM-USD,288745463.5,90
2021-01-01,18,XLM-USD,225634748.0,90
2021-01-01,19,XTZ-USD,164206229.5,90
2021-01-01,20,FIL-USD,162191431.0,90
2021-01-01,21,OMG-USD,159661595.0,90
2021-01-01,22,BAT-USD,153474302.5,90
2021-01-01,23,VET-USD,137390924.0,90
2021-01-01,24,ONT-USD,120186983.0,90
2021-01-01,25,HT-USD,103355378.0,90
2021-01-01,26,WAVES-USD,82230772.5,90
2021-01-01,27,DOGE-USD,64510599.0,90
2021-01-01,28,SNX-USD,61732855.0,90
2021-01-01,29,CRO-USD,53344812.5,90
2021-01-01,30,ABBC-USD,47460199.5,90
2021-01-01,31,REN-USD,46573823.5,90
2021-01-01,32,BNT-USD,46323444.0,90
2021-01-01,33,ZRX-USD,41971542.0,90
2021-01-01,34,XEM-USD,40674880.0,90
2021-01-01,35,MKR-USD,39152074.5,90
2021-01-01,36,ZIL-USD,34380472.5,90
2021-01-01,37,THETA-USD,31034625.5,90
2021-01-01,38,IOST-USD,29536425.5,90
2021-01-01,39,LRC-USD,22046588.5,90
2021-01-01,40,MANA-USD,19961877.0,90
2021-01-01,41,STORJ-USD,18658588.5,90
2021-01-01,42,CVC-USD,17827335.5,90
2021-01-01,43,ANT-USD,16078567.0,90
2021-01-01,44,ICX-USD,15575600.5,90
2021-01-01,45,ELF-USD,10282572.0,90
2021-01-01,46,BTM-USD,9910184.0,90
2021-01-01,47,NEXO-USD,9782969.5,90
2021-01-01,48,REP-USD,9611010.0,90
2021-01-01,49,AE-USD,8876332.0,90
2021-01-01,50,GXC-USD,8459871.5,90
2021-02-01,1,BTC-USD,44290322080.0,90
2021-02-01,2,ETH-USD,17587386717.0,90
2021-02-01,3,XRP-USD,7875218394.0,90
2021-02-01,4,LTC-USD,6338626048.5,90
2021-02-01,5,BCH-USD,4346562828.0,90
2021-02-01,6,EOS-USD,2616175875.5,90
2021-02-01,7,LINK-USD,1729172951.5,90
2021-02-01,8,ADA-USD,1439570967.5,90
2021-02-01,9,XMR-USD,1123553638.5,90
2021-02-01,10,ETC-USD,991215740.0,90
2021-02-01,11,TRX-USD,979142916.0,90
2021-02-01,12,BSV-USD,747256162.5,90
2021-02-01,13,XLM-USD,703804969.0,90
2021-02-01,14,DASH-USD,667659432.5,90
2021-02-01,15,NEO-USD,597855895.0,90
2021-02-01,16,ZEC-USD,498423565.0,90
2021-02-01,17,BNB-USD,458533678.0,90
2021-02-01,18,QTUM-USD,380471086.0,90
2021-02-01,19,XTZ-USD,225475959.0,90
2021-02-01,20,OMG-USD,219934772.5,90
2021-02-01,21,VET-USD,201434125.0,90
2021-02-01,22,FIL-USD,198126766.5,90
2021-02-01,23,BAT-USD,170576874.0,90
2021-02-01,24,HT-USD,140815309.5,90
2021-02-01,25,ONT-USD,134630648.5,90
2021-02-01,26,DOGE-USD,111729920.0,90
2021-02-01,27,XEM-USD,104857771.0,90
2021-02-01,28,WAVES-USD,104293497.5,90
2021-02-01,29,SNX-USD,95841541.0,90
2021-02-01,30,ZIL-USD,77828398.0,90
2021-02-01,31,BTTOLD-USD,76369099.0,90
2021-02-01,32,BTT-USD,76369099.0,90
2021-02-01,33,THETA-USD,57966816.0,90
2021-02-01,34,REN-USD,57662398.5,90
2021-02-01,35,ZRX-USD,53534935.5,90
2021-02-01,36,CRO-USD,52766373.0,90
2021-02-01,37,MKR-USD,49994932.0,90
2021-02-01,38,ABBC-USD,46310719.0,90
2021-02-01,39,BNT-USD,45243657.5,90
2021-02-01,40,IOST-USD,34909049.5,90
2021-02-01,41,CVC-USD,33231937.5,90
2021-02-01,42,ICX-USD,31871629.5,90
2021-02-01,43,MANA-USD,26859734.5,90
2021-02-01,44,LRC-USD,24498042.5,90
2021-02-01,45,ANT-USD,21227775.5,90
2021-02-01,46,STORJ-USD,21016197.5,90
2021-02-01,47,ELF-USD,15354382.0,90
2021-02-01,48,BTM-USD,13781417.5,90
2021-02-01,49,DGB-USD,13125549.0,90
2021-02-01,50,REP-USD,13022640.5,90
2021-03-01,1,BTC-USD,60711119814.5,90
2021-03-01,2,ETH-USD,30363183514.5,90
2021-03-01,3,XRP-USD,8783169191.0,90
2021-03-01,4,LTC-USD,8370251953.5,90
2021-03-01,5,BCH-USD,5414924433.5,90
2021-03-01,6,ADA-USD,3069827046.0,90
2021-03-01,7,EOS-USD,3066579716.0,90
2021-03-01,8,LINK-USD,2613487381.5,90
2021-03-01,9,XLM-USD,1508581828.5,90
2021-03-01,10,TRX-USD,1343716435.0,90
2021-03-01,11,ETC-USD,1135539984.5,90
2021-03-01,12,XMR-USD,1112647459.5,90
2021-03-01,13,BSV-USD,930105051.0,90
2021-03-01,14,ZEC-USD,814587750.5,90
2021-03-01,15,DASH-USD,795053033.5,90
2021-03-01,16,NEO-USD,794937423.0,90
2021-03-01,17,BNB-USD,588472648.0,90
2021-03-01,18,QTUM-USD,539524659.0,90
2021-03-01,19,DOGE-USD,396714044.5,90
2021-03-01,20,XTZ-USD,385243678.0,90
2021-03-01,21,VET-USD,353630427.5,90
2021-03-01,22,OMG-USD,348273802.5,90
2021-03-01,23,FIL-USD,271072344.0,90
2021-03-01,24,BAT-USD,258797727.5,90
2021-03-01,25,HT-USD,234847290.5,90
2021-03-01,26,SNX-USD,226583326.0,90
2021-03-01,27,ONT-USD,184909578.0,90
2021-03-01,28,IOST-USD,176536862.5,90
2021-03-01,29,ZIL-USD,159425714.5,90
2021-03-01,30,XEM-USD,148787556.0,90
2021-03-01,31,MKR-USD,146150967.0,90
2021-03-01,32,WAVES-USD,123770816.5,90
2021-03-01,33,BTT-USD,119687877.0,90
2021-03-01,34,BTTOLD-USD,119687877.0,90
2021-03-01,35,REN-USD,117339256.5,90
2021-03-01,36,THETA-USD,116918498.5,90
2021-03-01,37,ZRX-USD,116793864.0,90
2021-03-01,38,LRC-USD,80817126.5,90
2021-03-01,39,CRO-USD,71853083.0,90
2021-03-01,40,ICX-USD,70543292.0,90
2021-03-01,41,BNT-USD,53435609.5,90
2021-03-01,42,MANA-USD,51098551.5,90
2021-03-01,43,XNO-USD,48727428.5,90
2021-03-01,44,ABBC-USD,43124038.5,90
2021-03-01,45,CVC-USD,41827204.0,90
2021-03-01,46,ENJ-USD,39833952.0,90
2021-03-01,47,ANT-USD,37051734.5,90
2021-03-01,48,STORJ-USD,31295456.5,90
2021-03-01,49,SNT-USD,30761020.5,90
2021-03-01,50,ZEN-USD,29211528.5,90
2021-04-01,1,BTC-USD,61692281748.5,90
2021-04-01,2,ETH-USD,30922312853.5,90
2021-04-01,3,LTC-USD,7042876398.0,90
2021-04-01,4,XRP-USD,5602421904.5,90
2021-04-01,5,BCH-USD,4801102492.5,90
2021-04-01,6,ADA-USD,4553071225.5,90
2021-04-01,7,EOS-USD,2763434718.5,90
2021-04-01,8,LINK-USD,2654425672.0,90
2021-04-01,9,BNB-USD,2106919622.0,90
2021-04-01,10,TRX-USD,1750926193.5,90
2021-04-01,11,XLM-USD,1478488026.5,90
2021-04-01,12,DOGE-USD,1286998373.5,90
2021-04-01,13,ETC-USD,1210970278.5,90
2021-04-01,14,BSV-USD,1001403212.0,90
2021-04-01,15,XMR-USD,983138174.0,90
2021-04-01,16,NEO-USD,920818038.0,90
2021-04-01,17,DASH-USD,883944743.5,90
2021-04-01,18,ZEC-USD,814587750.5,90
2021-04-01,19,FIL-USD,714173224.0,90
2021-04-01,20,ATOM-USD,698255820.0,90
2021-04-01,21,VET-USD,619714420.0,90
2021-04-01,22,QTUM-USD,590482472.5,90
2021-04-01,23,HT-USD,489980421.5,90
2021-04-01,24,XTZ-USD,465430998.5,90
2021-04-01,25,OMG-USD,432978754.5,90
2021-04-01,26,BAT-USD,362253402.0,90
2021-04-01,27,IOST-USD,330990874.5,90
2021-04-01,28,ONT-USD,320929469.5,90
2021-04-01,29,BTTOLD-USD,282680516.5,90
2021-04-01,30,BTT-USD,282680516.5,90
2021-04-01,31,XEM-USD,234063355.5,90
2021-04-01,32,SNX-USD,221924393.0,90
2021-04-01,33,THETA-USD,193252533.0,90
2021-04-01,34,ZRX-USD,191599405.5,90
2021-04-01,35,ZIL-USD,182350814.5,90
2021-04-01,36,ENJ-USD,162089310.0,90
2021-04-01,37,CRO-USD,161765782.5,90
2021-04-01,38,REN-USD,150419650.5,90
2021-04-01,39,MANA-USD,148554049.0,90
2021-04-01,40,MKR-USD,148520475.5,90
2021-04-01,41,RVN-USD,129376213.5,90
2021-04-01,42,WAVES-USD,122391195.5,90
2021-04-01,43,ICX-USD,118843357.5,90
2021-04-01,44,NPXS-USD,93415364.5,90
2021-04-01,45,LRC-USD,87853940.5,90
2021-04-01,46,BNT-USD,78664734.0,90
2021-04-01,47,HOT2682-USD,66259175.0,90
2021-04-01,48,ANKR-USD,60412295.0,90
2021-04-01,49,CVC-USD,55721636.0,90
2021-04-01,50,XNO-USD,51279720.0,90
2021-05-01,1,BTC-USD,58662963511.0,90
2021-05-01,2,ETH-USD,29553485820.0,90
2021-05-01,3,XRP-USD,7953834392.5,90
2021-05-01,4,LTC-USD,6065687752.0,90
2021-05-01,5,ADA-USD,4927704343.5,90
2021-05-01,6,BNB-USD,4065043856.5,90
2021-05-01,7,BCH-USD,3979670569.0,90
2021-05-01,8,EOS-USD,2995516338.5,90
2021-05-01,9,DOGE-USD,2719926455.0,90
2021-05-01,10,TRX-USD,2569096900.5,90
2021-05-01,11,LINK-USD,1844567472.0,90
2021-05-01,12,FIL-USD,1635233799.5,90
2021-05-01,13,XLM-USD,1576654769.0,90
2021-05-01,14,ETC-USD,1422063020.5,90
2021-05-01,15,BSV-USD,1215159789.0,90
2021-05-01,16,NEO-USD,1045803866.5,90
2021-05-01,17,DASH-USD,1006778738.5,90
2021-05-01,18,BTT-USD,964317920.5,90
2021-05-01,19,BTTOLD-USD,964317920.5,90
2021-05-01,20,VET-USD,908499967.0,90
2021-05-01,21,QTUM-USD,749941172.5,90
2021-05-01,22,ATOM-USD,730355757.5,90
2021-05-01,23,HT-USD,721820685.0,90
2021-05-01,24,ZEC-USD,712303420.5,90
2021-05-01,25,XMR-USD,697235816.5,90
2021-05-01,26,OMG-USD,538526708.0,90
2021-05-01,27,ONT-USD,512489358.5,90
2021-05-01,28,XTZ-USD,504399316.0,90
2021-05-01,29,BAT-USD,471735597.0,90
2021-05-01,30,IOST-USD,416855340.5,90
2021-05-01,31,ENJ-USD,384655979.0,90
2021-05-01,32,THETA-USD,357078583.0,90
2021-05-01,33,HOT2682-USD,321714107.0,90
2021-05-01,34,XEM-USD,298322392.0,90
2021-05-01,35,OKB-USD,269106098.0,90
2021-05-01,36,MANA-USD,268547150.0,90
2021-05-01,37,ZRX-USD,260144296.0,90
2021-05-01,38,ZIL-USD,202133897.0,90
2021-05-01,39,RVN-USD,191162147.0,90
2021-05-01,40,CRO-USD,181064066.5,90
2021-05-01,41,REN-USD,155730200.0,90
2021-05-01,42,SNX-USD,154686567.5,90
2021-05-01,43,ICX-USD,149794271.5,90
2021-05-01,44,MKR-USD,135974655.5,90
2021-05-01,45,ANKR-USD,134922530.5,90
2021-05-01,46,SC-USD,130034811.0,90
2021-05-01,47,WAVES-USD,129561446.0,90
2021-05-01,48,NPXS-USD,121749636.0,90
2021-05-01,49,BNT-USD,104736868.0,90
2021-05-01,50,DENT-USD,95775176.5,90
2021-06-01,1,BTC-USD,57336425427.0,90
2021-06-01,2,ETH-USD,31834291241.0,90
2021-06-01,3,XRP-USD,8223116624.5,90
2021-06-01,4,LTC-USD,5202482043.0,90
2021-06-01,5,ADA-USD,4784231796.5,90
2021-06-01,6,BNB-USD,4280005362.5,90
2021-06-01,7,BCH-USD,3823179226.0,90
2021-06-01,8,DOGE-USD,3572381055.0,90
2021-06-01,9,EOS-USD,3039775343.0,90
2021-06-01,10,TRX-USD,2895036658.5,90
2021-06-01,11,ETC-USD,2072273089.0,90
2021-06-01,12,LINK-USD,1828530664.0,90
2021-06-01,13,FIL-USD,1712177092.0,90
2021-06-01,14,VET-USD,1590172676.5,90
2021-06-01,15,XLM-USD,1561047315.5,90
2021-06-01,16,BSV-USD,1410518215.0,90
2021-06-01,17,BTT-USD,1221504655.0,90
2021-06-01,18,BTTOLD-USD,1221504655.0,90
2021-06-01,19,NEO-USD,1090017017.0,90
2021-06-01,20,DASH-USD,967090108.0,90
2021-06-01,21,QTUM-USD,862518130.0,90
2021-06-01,22,HT-USD,852748752.0,90
2021-06-01,23,ZEC-USD,704844227.5,90
2021-06-01,24,ATOM-USD,669793953.5,90
2021-06-01,25,XMR-USD,602210912.0,90
2021-06-01,26,ONT-USD,537626720.5,90
2021-06-01,27,OMG-USD,525526812.5,90
2021-06-01,28,THETA-USD,468252119.0,90
2021-06-01,29,BAT-USD,467201323.0,90
2021-06-01,30,XTZ-USD,423701603.0,90
2021-06-01,31,OKB-USD,415771801.5,90
2021-06-01,32,HOT2682-USD,411691831.5,90
2021-06-01,33,ENJ-USD,384655979.0,90
2021-06-01,34,IOST-USD,361782315.0,90
2021-06-01,35,MANA-USD,294520264.5,90
2021-06-01,36,XEM-USD,270145525.0,90
2021-06-01,37,MKR-USD,225100793.5,90
2021-06-01,38,ZIL-USD,206898711.0,90
2021-06-01,39,ZRX-USD,200218195.0,90
2021-06-01,40,SC-USD,191565287.0,90
2021-06-01,41,ONE3945-USD,180542073.0,90
2021-06-01,42,RVN-USD,169448782.5,90
2021-06-01,43,WAVES-USD,163195281.0,90
2021-06-01,44,CRO-USD,158232797.5,90
2021-06-01,45,ANKR-USD,143866823.0,90
2021-06-01,46,DENT-USD,133722564.5,90
2021-06-01,47,SNX-USD,130749580.5,90
2021-06-01,48,RSR-USD,126847342.0,90
2021-06-01,49,ICX-USD,122923950.5,90
2021-06-01,50,BNT-USD,121390154.0,90
2021-07-01,1,BTC-USD,52602485289.5,90
2021-07-01,2,ETH-USD,32463968484.0,90
2021-07-01,3,XRP-USD,8089976615.5,90
2021-07-01,4,DOGE-USD,5416277122.0,90
2021-07-01,5,LTC-USD,4487254182.5,90
2021-07-01,6,BNB-USD,4067969888.0,90
2021-07-01,7,ADA-USD,4027792483.5,90
2021-07-01,8,BCH-USD,3512154426.0,90
2021-07-01,9,ETC-USD,3340938565.0,90
2021-07-01,10,EOS-USD,2938695391.5,90
2021-07-01,11,TRX-USD,2528827905.5,90
2021-07-01,12,LINK-USD,1888300174.0,90
2021-07-01,13,VET-USD,1590172676.5,90
2021-07-01,14,XLM-USD,1536655671.5,90
2021-07-01,15,BSV-USD,1312959246.0,90
2021-07-01,16,FIL-USD,1286106663.0,90
2021-07-01,17,NEO-USD,1002368609.0,90
2021-07-01,18,BTT-USD,895699790.5,90
2021-07-01,19,BTTOLD-USD,895699790.5,90
2021-07-01,20,DASH-USD,873880783.0,90
2021-07-01,21,QTUM-USD,759585048.5,90
2021-07-01,22,ZEC-USD,679510140.0,90
2021-07-01,23,HT-USD,619812215.0,90
2021-07-01,24,XMR-USD,534444784.0,90
2021-07-01,25,ATOM-USD,499133452.5,90
2021-07-01,26,CHZ-USD,482863548.5,90
2021-07-01,27,OMG-USD,478657785.0,90
2021-07-01,28,ONT-USD,465014038.0,90
2021-07-01,29,OKB-USD,463303081.0,90
2021-07-01,30,THETA-USD,402967700.5,90
2021-07-01,31,BAT-USD,374736426.0,90
2021-07-01,32,HOT2682-USD,289627269.0,90
2021-07-01,33,IOST-USD,286771628.5,90
2021-07-01,34,XTZ-USD,283237712.5,90
2021-07-01,35,ALGO-USD,275593871.0,90
2021-07-01,36,ENJ-USD,244623001.0,90
2021-07-01,37,MKR-USD,234706097.5,90
2021-07-01,38,MANA-USD,191190297.5,90
2021-07-01,39,WAVES-USD,185927595.5,90
2021-07-01,40,ZIL-USD,175349026.0,90
2021-07-01,41,XEM-USD,167548065.0,90
2021-07-01,42,ZRX-USD,159586713.0,90
2021-07-01,43,SC-USD,127209292.5,90
2021-07-01,44,SNX-USD,122743991.0,90
2021-07-01,45,ONE3945-USD,106781604.0,90
2021-07-01,46,ANKR-USD,103530763.0,90
2021-07-01,47,RVN-USD,102086581.5,90
2021-07-01,48,BNT-USD,100034308.5,90
2021-07-01,49,ZEN-USD,97676122.5,90
2021-07-01,50,ICX-USD,97080669.0,90
2021-08-01,1,BTC-USD,38254807035.5,90
2021-08-01,2,ETH-USD,27028760850.5,90
2021-08-01,3,XRP-USD,3291482947.0,90
2021-08-01,4,ETC-USD,2853981194.0,90
2021-08-01,5,ADA-USD,2617718156.0,90
2021-08-01,6,DOGE-USD,2452387936.5,90
2021-08-01,7,BNB-USD,2270569430.5,90
2021-08-01,8,LTC-USD,2209308824.5,90
2021-08-01,9,BCH-USD,1915336885.5,90
2021-08-01,10,EOS-USD,1419248210.5,90
2021-08-01,11,LINK-USD,1287472214.0,90
2021-08-01,12,TRX-USD,1141491093.5,90
2021-08-01,13,VET-USD,785151773.5,90
2021-08-01,14,XLM-USD,756973820.5,90
2021-08-01,15,BSV-USD,725473810.5,90
2021-08-01,16,FIL-USD,649870339.5,90
2021-08-01,17,NEO-USD,493027227.5,90
2021-08-01,18,DASH-USD,452658629.5,90
2021-08-01,19,OKB-USD,434002814.0,90
2021-08-01,20,ZEC-USD,356117496.0,90
2021-08-01,21,THETA-USD,340088080.5,90
2021-08-01,22,CHZ-USD,309543860.5,90
2021-08-01,23,QTUM-USD,309516292.0,90
2021-08-01,24,BTT-USD,300724043.5,90
2021-08-01,25,BTTOLD-USD,300724043.5,90
2021-08-01,26,LUNC-USD,292513608.5,90
2021-08-01,27,ATOM-USD,271365879.0,90
2021-08-01,28,HT-USD,270126451.5,90
2021-08-01,29,XMR-USD,255551474.5,90
2021-08-01,30,OMG-USD,233229875.0,90
2021-08-01,31,BAT-USD,203092145.0,90
2021-08-01,32,ENJ-USD,183094973.0,90
2021-08-01,33,WAVES-USD,163195281.0,90
2021-08-01,34,ONT-USD,153602249.0,90
2021-08-01,35,MKR-USD,141775773.5,90
2021-08-01,36,ALGO-USD,135100839.0,90
2021-08-01,37,MANA-USD,134581119.5,90
2021-08-01,38,IOST-USD,123619315.5,90
2021-08-01,39,HOT2682-USD,122233307.5,90
2021-08-01,40,RUNE-USD,119182839.0,90
2021-08-01,41,SNX-USD,116702772.0,90
2021-08-01,42,ZIL-USD,112196215.5,90
2021-08-01,43,XTZ-USD,109579345.0,90
2021-08-01,44,XEM-USD,103626207.0,90
2021-08-01,45,FTT-USD,98508924.5,90
2021-08-01,46,TFUEL-USD,91870190.0,90
2021-08-01,47,ZRX-USD,72847155.5,90
2021-08-01,48,BNT-USD,58605497.0,90
2021-08-01,49,CRO-USD,57142453.5,90
2021-08-01,50,SC-USD,54449210.0,90
2021-09-01,1,BTC-USD,33498691058.5,90
2021-09-01,2,ETH-USD,22282275168.0,90
2021-09-01,3,XRP-USD,3032529063.0,90
2021-09-01,4,ETC-USD,2651093494.5,90
2021-09-01,5,ADA-USD,2342892552.5,90
2021-09-01,6,DOGE-USD,1948249292.0,90
2021-09-01,7,LTC-USD,1893519635.0,90
2021-09-01,8,BNB-USD,1877003040.5,90
2021-09-01,9,BCH-USD,1868460221.5,90
2021-09-01,10,EOS-USD,1217903063.0,90
2021-09-01,11,LINK-USD,1113358555.5,90
2021-09-01,12,TRX-USD,1001785175.5,90
2021-09-01,13,VET-USD,679606889.0,90
2021-09-01,14,XLM-USD,593304727.0,90
2021-09-01,15,FIL-USD,546324787.5,90
2021-09-01,16,BSV-USD,443042892.0,90
2021-09-01,17,NEO-USD,399347232.0,90
2021-09-01,18,DASH-USD,381879787.0,90
2021-09-01,19,OKB-USD,374586458.5,90
2021-09-01,20,THETA-USD,313983933.0,90
2021-09-01,21,LUNC-USD,307640959.0,90
2021-09-01,22,ZEC-USD,289488326.5,90
2021-09-01,23,CHZ-USD,284923859.5,90
2021-09-01,24,BTTOLD-USD,284361155.5,90
2021-09-01,25,BTT-USD,284361155.5,90
2021-09-01,26,QTUM-USD,274794985.5,90
2021-09-01,27,ATOM-USD,230200622.5,90
2021-09-01,28,OMG-USD,216110482.5,90
2021-09-01,29,XMR-USD,209896938.5,90
2021-09-01,30,HT-USD,202976091.5,90
2021-09-01,31,BAT-USD,185080674.0,90
2021-09-01,32,ENJ-USD,151117428.5,90
2021-09-01,33,SXP-USD,143289075.5,90
2021-09-01,34,WAVES-USD,143052181.0,90
2021-09-01,35,MKR-USD,131951403.5,90
2021-09-01,36,MANA-USD,131825859.5,90
2021-09-01,37,ONT-USD,125777423.0,90
2021-09-01,38,SNX-USD,116702772.0,90
2021-09-01,39,RUNE-USD,116008179.0,90
2021-09-01,40,ALGO-USD,114340551.5,90
2021-09-01,41,XTZ-USD,107977919.0,90
2021-09-01,42,HOT2682-USD,106649733.5,90
2021-09-01,43,IOST-USD,102912671.5,90
2021-09-01,44,TFUEL-USD,96646547.5,90
2021-09-01,45,ZIL-USD,94089720.0,90
2021-09-01,46,FTT-USD,86374016.0,90
2021-09-01,47,XEM-USD,81415470.5,90
2021-09-01,48,ZRX-USD,71665437.5,90
2021-09-01,49,CHR-USD,61338657.0,90
2021-09-01,50,SC-USD,57086316.0,90
2021-10-01,1,BTC-USD,31408035839.0,90
2021-10-01,2,ETH-USD,19977382598.5,90
2021-10-01,3,XRP-USD,3507357969.5,90
2021-10-01,4,ADA-USD,3208013517.5,90
2021-10-01,5,BCH-USD,2495940018.5,90
2021-10-01,6,ETC-USD,2319277029.5,90
2021-10-01,7,LTC-USD,2114635194.0,90
2021-10-01,8,BNB-USD,1822794341.5,90
2021-10-01,9,DOGE-USD,1754051635.5,90
2021-10-01,10,EOS-USD,1341063866.0,90
2021-10-01,11,LINK-USD,1206330335.0,90
2021-10-01,12,TRX-USD,1166674692.0,90
2021-10-01,13,LUNC-USD,761921400.5,90
2021-10-01,14,FIL-USD,687910662.0,90
2021-10-01,15,VET-USD,606511188.5,90
2021-10-01,16,XLM-USD,582905518.0,90
2021-10-01,17,ATOM-USD,462256106.0,90
2021-10-01,18,BTT-USD,421124030.5,90
2021-10-01,19,BTTOLD-USD,421124030.5,90
2021-10-01,20,NEO-USD,384900506.5,90
2021-10-01,21,BSV-USD,359815329.0,90
2021-10-01,22,DASH-USD,349922250.0,90
2021-10-01,23,OKB-USD,339060333.0,90
2021-10-01,24,OMG-USD,322418344.5,90
2021-10-01,25,THETA-USD,312108457.5,90
2021-10-01,26,QTUM-USD,291828539.0,90
2021-10-01,27,CHZ-USD,273519017.0,90
2021-10-01,28,ZEC-USD,250166948.0,90
2021-10-01,29,HBAR-USD,228035618.0,90
2021-10-01,30,FTT-USD,224847950.0,90
2021-10-01,31,XMR-USD,209544798.5,90
2021-10-01,32,BAT-USD,208963847.5,90
2021-10-01,33,HT-USD,208068678.0,90
2021-10-01,34,XTZ-USD,187303357.5,90
2021-10-01,35,ALGO-USD,177025356.5,90
2021-10-01,36,ENJ-USD,155536171.0,90
2021-10-01,37,HOT2682-USD,150887445.0,90
2021-10-01,38,WAVES-USD,144072770.5,90
2021-10-01,39,MANA-USD,143921933.0,90
2021-10-01,40,SXP-USD,143850403.0,90
2021-10-01,41,SNX-USD,143597175.5,90
2021-10-01,42,MKR-USD,141193725.5,90
2021-10-01,43,IOST-USD,128452055.5,90
2021-10-01,44,ONT-USD,126603833.0,90
2021-10-01,45,RUNE-USD,103995654.5,90
2021-10-01,46,ZIL-USD,97142242.0,90
2021-10-01,47,ZRX-USD,81442949.5,90
2021-10-01,48,XEM-USD,81415470.5,90
2021-10-01,49,TFUEL-USD,76466872.5,90
2021-10-01,50,CHR-USD,72458478.0,90
2021-11-01,1,BTC-USD,34608972223.5,90
2021-11-01,2,ETH-USD,19438218938.5,90
2021-11-01,3,XRP-USD,3973120892.5,90
2021-11-01,4,ADA-USD,3665124508.0,90
2021-11-01,5,LTC-USD,2608415886.5,90
2021-11-01,6,BCH-USD,2495940018.5,90
2021-11-01,7,BNB-USD,1981397365.5,90
2021-11-01,8,DOGE-USD,1944963406.5,90
2021-11-01,9,TRX-USD,1418884406.0,90
2021-11-01,10,EOS-USD,1396129637.5,90
2021-11-01,11,LINK-USD,1268037663.0,90
2021-11-01,12,ETC-USD,1229164151.5,90
2021-11-01,13,LUNC-USD,1088037807.0,90
2021-11-01,14,FIL-USD,925877062.0,90
2021-11-01,15,ATOM-USD,716746813.0,90
2021-11-01,16,VET-USD,644561724.5,90
2021-11-01,17,XLM-USD,643984531.5,90
2021-11-01,18,OMG-USD,639398377.5,90
2021-11-01,19,BTT-USD,456947749.5,90
2021-11-01,20,BTTOLD-USD,456947749.5,90
2021-11-01,21,FTT-USD,451036339.0,90
2021-11-01,22,XTZ-USD,424370955.0,90
2021-11-01,23,OKB-USD,384522671.0,90
2021-11-01,24,NEO-USD,377490137.0,90
2021-11-01,25,ALGO-USD,365039203.0,90
2021-11-01,26,QTUM-USD,348024776.5,90
2021-11-01,27,BSV-USD,346478338.0,90
2021-11-01,28,THETA-USD,314147142.0,90
2021-11-01,29,DASH-USD,307190156.5,90
2021-11-01,30,HBAR-USD,293911812.0,90
2021-11-01,31,CHZ-USD,283119655.0,90
2021-11-01,32,ZEC-USD,263811211.5,90
2021-11-01,33,BAT-USD,242353725.5,90
2021-11-01,34,XMR-USD,226269269.5,90
2021-11-01,35,HT-USD,212414930.5,90
2021-11-01,36,HOT2682-USD,186161489.0,90
2021-11-01,37,IOST-USD,176584503.5,90
2021-11-01,38,ONT-USD,152289606.0,90
2021-11-01,39,ONE3945-USD,150058140.5,90
2021-11-01,40,SXP-USD,149385850.5,90
2021-11-01,41,WAVES-USD,144072770.5,90
2021-11-01,42,MKR-USD,142570753.0,90
2021-11-01,43,ENJ-USD,141598041.5,90
2021-11-01,44,MANA-USD,134143740.0,90
2021-11-01,45,CELR-USD,130675248.5,90
2021-11-01,46,SNX-USD,128267553.5,90
2021-11-01,47,KAVA-USD,125547607.0,90
2021-11-01,48,ZIL-USD,102850520.0,90
2021-11-01,49,RUNE-USD,100135048.0,90
2021-11-01,50,WIN-USD,92419007.0,90
2021-12-01,1,BTC-USD,36104812698.0,90
2021-12-01,2,ETH-USD,18690024758.0,90
2021-12-01,3,XRP-USD,3591060797.5,90
2021-12-01,4,ADA-USD,2877107743.0,90
2021-12-01,5,LTC-USD,2725951688.5,90
2021-12-01,6,BNB-USD,2194828840.0,90
2021-12-01,7,TRX-USD,1815526205.0,90
2021-12-01,8,DOGE-USD,1765073598.0,90
2021-12-01,9,BCH-USD,1333245294.0,90
2021-12-01,10,EOS-USD,1193313803.5,90
2021-12-01,11,LINK-USD,1160266778.5,90
2021-12-01,12,OMG-USD,1054818023.0,90
2021-12-01,13,LUNC-USD,1050596756.5,90
2021-12-01,14,FIL-USD,921962555.0,90
2021-12-01,15,ETC-USD,845618750.5,90
2021-12-01,16,ATOM-USD,706130626.0,90
2021-12-01,17,XLM-USD,639306584.0,90
2021-12-01,18,VET-USD,533246984.5,90
2021-12-01,19,ALGO-USD,522670898.5,90
2021-12-01,20,BTT-USD,456735877.5,90
2021-12-01,21,BTTOLD-USD,456735877.5,90
2021-12-01,22,OKB-USD,382085342.0,90
2021-12-01,23,FTT-USD,377600052.0,90
2021-12-01,24,CHZ-USD,350694251.0,90
2021-12-01,25,QTUM-USD,349206651.0,90
2021-12-01,26,XTZ-USD,335931494.0,90
2021-12-01,27,HBAR-USD,293911812.0,90
2021-12-01,28,DASH-USD,292876070.5,90
2021-12-01,29,THETA-USD,287074955.5,90
2021-12-01,30,NEO-USD,286062211.0,90
2021-12-01,31,BSV-USD,278534469.5,90
2021-12-01,32,ZEC-USD,275032974.0,90
2021-12-01,33,BAT-USD,256687097.0,90
2021-12-01,34,XMR-USD,214819789.0,90
2021-12-01,35,ONE3945-USD,209647421.0,90
2021-12-01,36,HOT2682-USD,191476395.0,90
2021-12-01,37,ENJ-USD,185681938.0,90
2021-12-01,38,CELR-USD,173999167.5,90
2021-12-01,39,IOST-USD,169310273.0,90
2021-12-01,40,MANA-USD,159636983.0,90
2021-12-01,41,SXP-USD,147768582.0,90
2021-12-01,42,ONT-USD,142384741.0,90
2021-12-01,43,MKR-USD,142154639.0,90
2021-12-01,44,WIN-USD,128906118.0,90
2021-12-01,45,HT-USD,121985728.0,90
2021-12-01,46,WAVES-USD,112491985.0,90
2021-12-01,47,KAVA-USD,110692292.0,90
2021-12-01,48,SNX-USD,106985621.5,90
2021-12-01,49,COTI-USD,97037952.0,90
2021-12-01,50,ZIL-USD,96806172.5,90
2022-01-01,1,BTC-USD,34267490242.5,90
2022-01-01,2,ETH-USD,18497217026.0,90
2022-01-01,3,XRP-USD,3256369308.5,90
2022-01-01,4,BNB-USD,2187625234.0,90
2022-01-01,5,ADA-USD,2143869196.0,90
2022-01-01,6,LTC-USD,2120031533.0,90
2022-01-01,7,TRX-USD,1719833721.5,90
2022-01-01,8,DOGE-USD,1542627983.0,90
2022-01-01,9,LUNC-USD,1387440253.5,90
2022-01-01,10,BCH-USD,1259214265.5,90
2022-01-01,11,LINK-USD,1006725888.0,90
2022-01-01,12,MANA-USD,992113223.0,90
2022-01-01,13,EOS-USD,943401501.5,90
2022-01-01,14,ETC-USD,719066004.5,90
2022-01-01,15,OMG-USD,654998305.0,90
2022-01-01,16,XLM-USD,621447165.5,90
2022-01-01,17,FIL-USD,615077585.0,90
2022-01-01,18,ATOM-USD,556679703.5,90
2022-01-01,19,VET-USD,501366362.0,90
2022-01-01,20,OKB-USD,465498101.0,90
2022-01-01,21,BTTOLD-USD,459662425.0,90
2022-01-01,22,BTT-USD,459662425.0,90
2022-01-01,23,ALGO-USD,432920493.0,90
2022-01-01,24,ZEC-USD,360296951.0,90
2022-01-01,25,ENJ-USD,339114200.5,90
2022-01-01,26,LRC-USD,338213788.0,90
2022-01-01,27,QTUM-USD,308531846.0,90
2022-01-01,28,CHZ-USD,292660065.5,90
2022-01-01,29,BAT-USD,288579277.5,90
2022-01-01,30,DASH-USD,264760672.0,90
2022-01-01,31,BSV-USD,262021410.0,90
2022-01-01,32,THETA-USD,252418984.5,90
2022-01-01,33,XTZ-USD,247922039.5,90
2022-01-01,34,CRO-USD,240460836.5,90
2022-01-01,35,NEO-USD,234032402.0,90
2022-01-01,36,WIN-USD,226413408.0,90
2022-01-01,37,FTT-USD,205674301.5,90
2022-01-01,38,XMR-USD,197034888.5,90
2022-01-01,39,ONE3945-USD,186069065.0,90
2022-01-01,40,HOT2682-USD,180599331.0,90
2022-01-01,41,HBAR-USD,137000988.5,90
2022-01-01,42,ONT-USD,131857278.0,90
2022-01-01,43,SXP-USD,124430244.0,90
2022-01-01,44,KSM-USD,118873299.5,90
2022-01-01,45,MKR-USD,114993811.5,90
2022-01-01,46,CELR-USD,109555734.5,90
2022-01-01,47,HT-USD,107743743.0,90
2022-01-01,48,WAXP-USD,106972184.5,90
2022-01-01,49,BORA-USD,104802411.0,90
2022-01-01,50,WAVES-USD,102738039.5,90
2022-02-01,1,BTC-USD,30614683654.5,90
2022-02-01,2,ETH-USD,17616336966.0,90
2022-02-01,3,BCH-USD,4426490138.0,90
2022-02-01,4,XRP-USD,2459719559.0,90
2022-02-01,5,BNB-USD,2238956356.0,90
2022-02-01,6,LUNC-USD,2105063578.5,90
2022-02-01,7,ADA-USD,1736460825.0,90
2022-02-01,8,TRX-USD,1461694956.0,90
2022-02-01,9,LTC-USD,1350379551.0,90
2022-02-01,10,DOGE-USD,1028012373.5,90
2022-02-01,11,LINK-USD,1014768725.0,90
2022-02-01,12,MANA-USD,965374920.5,90
2022-02-01,13,ATOM-USD,753231672.5,90
2022-02-01,14,EOS-USD,721905107.0,90
2022-02-01,15,ETC-USD,525470993.5,90
2022-02-01,16,FIL-USD,491284399.0,90
2022-02-01,17,XLM-USD,481882126.0,90
2022-02-01,18,ALGO-USD,421953793.5,90
2022-02-01,19,OKB-USD,409738015.0,90
2022-02-01,20,OMG-USD,402084211.0,90
2022-02-01,21,BTTOLD-USD,400294054.0,90
2022-02-01,22,BTT-USD,400294054.0,90
2022-02-01,23,LRC-USD,390749811.5,90
2022-02-01,24,VET-USD,355984325.0,90
2022-02-01,25,ZEC-USD,346443377.0,90
2022-02-01,26,ENJ-USD,303436887.5,90
2022-02-01,27,BAT-USD,284233148.5,90
2022-02-01,28,WIN-USD,282230891.5,90
2022-02-01,29,DASH-USD,246895343.0,90
2022-02-01,30,CRO-USD,244380291.0,90
2022-02-01,31,THETA-USD,217757490.0,90
2022-02-01,32,CHZ-USD,209263319.0,90
2022-02-01,33,FTT-USD,194252032.0,90
2022-02-01,34,XTZ-USD,193351597.5,90
2022-02-01,35,XMR-USD,187027365.0,90
2022-02-01,36,ONE3945-USD,181182280.0,90
2022-02-01,37,QTUM-USD,174256737.5,90
2022-02-01,38,BSV-USD,170144925.5,90
2022-02-01,39,NEO-USD,165750242.5,90
2022-02-01,40,HOT2682-USD,128083673.0,90
2022-02-01,41,MKR-USD,127962490.5,90
2022-02-01,42,CHR-USD,120210024.5,90
2022-02-01,43,BORA-USD,114690192.5,90
2022-02-01,44,SXP-USD,110037900.5,90
2022-02-01,45,HBAR-USD,97098904.5,90
2022-02-01,46,WAVES-USD,93678973.0,90
2022-02-01,47,HT-USD,93141162.5,90
2022-02-01,48,KSM-USD,91667932.0,90
2022-02-01,49,CELR-USD,91168442.5,90
2022-02-01,50,STX4847-USD,89755860.0,90
2022-03-01,1,BTC-USD,26486894376.5,90
2022-03-01,2,ETH-USD,15948969457.0,90
2022-03-01,3,BCH-USD,4652302903.0,90
2022-03-01,4,XRP-USD,2251802387.5,90
2022-03-01,5,LUNC-USD,2188815601.0,90
2022-03-01,6,BNB-USD,1925060436.5,90
2022-03-01,7,ADA-USD,1490338120.5,90
2022-03-01,8,TRX-USD,1111819466.0,90
2022-03-01,9,LTC-USD,1001978550.5,90
2022-03-01,10,LINK-USD,932073249.0,90
2022-03-01,11,ATOM-USD,897380871.0,90
2022-03-01,12,DOGE-USD,834539373.0,90
2022-03-01,13,MANA-USD,785262054.5,90
2022-03-01,14,FIL-USD,435903887.5,90
2022-03-01,15,ETC-USD,435096727.0,90
2022-03-01,16,EOS-USD,427579245.5,90
2022-03-01,17,XLM-USD,369128665.5,90
2022-03-01,18,ALGO-USD,299434206.5,90
2022-03-01,19,ZEC-USD,294951339.5,90
2022-03-01,20,OMG-USD,291938221.5,90
2022-03-01,21,VET-USD,287035437.0,90
2022-03-01,22,WIN-USD,284956729.0,90
2022-03-01,23,LRC-USD,266150702.0,90
2022-03-01,24,OKB-USD,243222031.0,90
2022-03-01,25,ENJ-USD,235568341.5,90
2022-03-01,26,THETA-USD,220596539.0,90
2022-03-01,27,DASH-USD,198706501.5,90
2022-03-01,28,XTZ-USD,183693244.5,90
2022-03-01,29,CRO-USD,180312380.5,90
2022-03-01,30,BAT-USD,171157574.0,90
2022-03-01,31,CHZ-USD,163778853.5,90
2022-03-01,32,XMR-USD,161579987.0,90
2022-03-01,33,ONE3945-USD,159936080.0,90
2022-03-01,34,FTT-USD,153711374.5,90
2022-03-01,35,QTUM-USD,138043964.0,90
2022-03-01,36,NEO-USD,137076712.5,90
2022-03-01,37,BTTOLD-USD,130526099.5,90
2022-03-01,38,BTT-USD,130526099.5,90
2022-03-01,39,BSV-USD,120477372.5,90
2022-03-01,40,WAVES-USD,115760952.5,90
2022-03-01,41,BORA-USD,103841439.0,90
2022-03-01,42,HBAR-USD,92315780.0,90
2022-03-01,43,CHR-USD,89288434.5,90
2022-03-01,44,ANT-USD,88742921.0,90
2022-03-01,45,MKR-USD,87496986.0,90
2022-03-01,46,SXP-USD,82435674.5,90
2022-03-01,47,HOT2682-USD,81480409.0,90
2022-03-01,48,KAVA-USD,80149658.0,90
2022-03-01,49,SNX-USD,70397111.5,90
2022-03-01,50,CELR-USD,68926112.5,90
2022-04-01,1,BTC-USD,25634866963.0,90
2022-04-01,2,ETH-USD,14102295690.5,90
2022-04-01,3,BCH-USD,4436870628.0,90
2022-04-01,4,LUNC-USD,2188815601.0,90
2022-04-01,5,XRP-USD,2165015422.0,90
2022-04-01,6,BNB-USD,1768971939.5,90
2022-04-01,7,ADA-USD,1305468987.0,90
2022-04-01,8,ATOM-USD,985822278.5,90
2022-04-01,9,TRX-USD,964714106.5,90
2022-04-01,10,LTC-USD,834046643.0,90
2022-04-01,11,LINK-USD,785142846.0,90
2022-04-01,12,DOGE-USD,665372074.0,90
2022-04-01,13,MANA-USD,552318598.5,90
2022-04-01,14,ETC-USD,439713891.5,90
2022-04-01,15,EOS-USD,350017457.5,90
2022-04-01,16,FIL-USD,347446147.0,90
2022-04-01,17,XLM-USD,310356530.5,90
2022-04-01,18,ZEC-USD,282266163.5,90
2022-04-01,19,VET-USD,268877618.5,90
2022-04-01,20,ALGO-USD,262524192.5,90
2022-04-01,21,THETA-USD,234656474.5,90
2022-04-01,22,LRC-USD,223808863.0,90
2022-04-01,23,WIN-USD,219932039.0,90
2022-04-01,24,WAVES-USD,210312740.5,90
2022-04-01,25,OMG-USD,206442224.0,90
2022-04-01,26,DASH-USD,198001096.0,90
2022-04-01,27,ENJ-USD,192827948.5,90
2022-04-01,28,ONE3945-USD,163482231.5,90
2022-04-01,29,XMR-USD,158272467.5,90
2022-04-01,30,CHZ-USD,157940569.5,90
2022-04-01,31,FTT-USD,148509586.0,90
2022-04-01,32,OKB-USD,139213758.5,90
2022-04-01,33,XTZ-USD,135826783.0,90
2022-04-01,34,NEO-USD,130137949.5,90
2022-04-01,35,CRO-USD,127437169.5,90
2022-04-01,36,BAT-USD,124583410.5,90
2022-04-01,37,QTUM-USD,124086672.5,90
2022-04-01,38,BSV-USD,106047935.5,90
2022-04-01,39,SXP-USD,91720302.5,90
2022-04-01,40,HBAR-USD,90846138.5,90
2022-04-01,41,CHR-USD,78788032.0,90
2022-04-01,42,BORA-USD,76609172.5,90
2022-04-01,43,SNX-USD,73121070.5,90
2022-04-01,44,RUNE-USD,72455767.5,90
2022-04-01,45,MKR-USD,70740828.0,90
2022-04-01,46,KAVA-USD,70322983.0,90
2022-04-01,47,ANT-USD,70317302.5,90
2022-04-01,48,KLAY-USD,66730765.5,90
2022-04-01,49,HOT2682-USD,65153682.5,90
2022-04-01,50,KSM-USD,63157983.0,90
2022-05-01,1,BTC-USD,26174317959.5,90
2022-05-01,2,ETH-USD,15254311114.5,90
2022-05-01,3,BCH-USD,4254482995.5,90
2022-05-01,4,LUNC-USD,2178437470.5,90
2022-05-01,5,XRP-USD,2137872642.5,90
2022-05-01,6,SOL-USD,1982098315.5,90
2022-05-01,7,BNB-USD,1681402925.5,90
2022-05-01,8,ADA-USD,1104059419.5,90
2022-05-01,9,TRX-USD,963360506.5,90
2022-05-01,10,LTC-USD,768698538.0,90
2022-05-01,11,DOGE-USD,716674622.5,90
2022-05-01,12,ATOM-USD,705689364.0,90
2022-05-01,13,LINK-USD,617242876.5,90
2022-05-01,14,WAVES-USD,559654814.5,90
2022-05-01,15,ETC-USD,511073010.5,90
2022-05-01,16,MANA-USD,439713499.5,90
2022-05-01,17,EOS-USD,381340356.0,90
2022-05-01,18,FIL-USD,362115949.5,90
2022-05-01,19,XLM-USD,293746631.5,90
2022-05-01,20,ZEC-USD,269886031.5,90
2022-05-01,21,VET-USD,265545218.0,90
2022-05-01,22,ALGO-USD,215294054.0,90
2022-05-01,23,THETA-USD,205137720.5,90
2022-05-01,24,DASH-USD,190689609.0,90
2022-05-01,25,LRC-USD,182015298.5,90
2022-05-01,26,RUNE-USD,172330137.5,90
2022-05-01,27,CHZ-USD,169379381.5,90
2022-05-01,28,XMR-USD,168080323.0,90
2022-05-01,29,ENJ-USD,165332670.5,90
2022-05-01,30,OMG-USD,148780373.5,90
2022-05-01,31,NEO-USD,147735517.5,90
2022-05-01,32,WIN-USD,141476745.0,90
2022-05-01,33,FTT-USD,123980140.5,90
2022-05-01,34,QTUM-USD,123374811.5,90
2022-05-01,35,ONE3945-USD,115585977.5,90
2022-05-01,36,XTZ-USD,115566255.0,90
2022-05-01,37,BSV-USD,109675692.5,90
2022-05-01,38,BAT-USD,105171684.5,90
2022-05-01,39,OKB-USD,95497896.5,90
2022-05-01,40,SNX-USD,87806709.0,90
2022-05-01,41,CRO-USD,85204341.5,90
2022-05-01,42,SXP-USD,79232536.0,90
2022-05-01,43,HBAR-USD,73839799.5,90
2022-05-01,44,KLAY-USD,73741330.0,90
2022-05-01,45,OGN-USD,71021790.0,90
2022-05-01,46,ZIL-USD,69549699.5,90
2022-05-01,47,MKR-USD,68840388.5,90
2022-05-01,48,KAVA-USD,67936230.5,90
2022-05-01,49,KSM-USD,67355539.0,90
2022-05-01,50,CHR-USD,65943363.0,90
2022-06-01,1,BTC-USD,29217678718.5,90
2022-06-01,2,ETH-USD,16048620643.5,90
2022-06-01,3,BCH-USD,3957142725.5,90
2022-06-01,4,LUNC-USD,2182894080.5,90
2022-06-01,5,XRP-USD,1856385964.5,90
2022-06-01,6,SOL-USD,1783755463.5,90
2022-06-01,7,BNB-USD,1755427506.0,90
2022-06-01,8,TRX-USD,1021269137.0,90
2022-06-01,9,ADA-USD,944591081.0,90
2022-06-01,10,LTC-USD,741000610.0,90
2022-06-01,11,WAVES-USD,727153825.5,90
2022-06-01,12,DOGE-USD,720422017.0,90
2022-06-01,13,ETC-USD,525300422.0,90
2022-06-01,14,ATOM-USD,504722504.0,90
2022-06-01,15,LINK-USD,475934499.5,90
2022-06-01,16,EOS-USD,375660678.5,90
2022-06-01,17,ZIL-USD,341172012.5,90
2022-06-01,18,FIL-USD,338297197.5,90
2022-06-01,19,MANA-USD,329566219.5,90
2022-06-01,20,XLM-USD,271016682.0,90
2022-06-01,21,VET-USD,248488473.0,90
2022-06-01,22,ZEC-USD,244218997.5,90
2022-06-01,23,XMR-USD,203292047.0,90
2022-06-01,24,RUNE-USD,184756767.0,90
2022-06-01,25,DASH-USD,179678063.5,90
2022-06-01,26,ALGO-USD,178558026.0,90
2022-06-01,27,THETA-USD,169840372.5,90
2022-06-01,28,CHZ-USD,156900295.0,90
2022-06-01,29,LRC-USD,148859382.5,90
2022-06-01,30,ENJ-USD,137213282.5,90
2022-06-01,31,JST-USD,136286084.0,90
2022-06-01,32,BSV-USD,135106431.5,90
2022-06-01,33,WIN-USD,131820080.0,90
2022-06-01,34,NEO-USD,121418422.5,90
2022-06-01,35,OMG-USD,110024540.0,90
2022-06-01,36,SNX-USD,99260145.5,90
2022-06-01,37,QTUM-USD,98672831.5,90
2022-06-01,38,FTT-USD,94999591.0,90
2022-06-01,39,BAT-USD,92278660.5,90
2022-06-01,40,XTZ-USD,92197205.0,90
2022-06-01,41,KSM-USD,87239880.0,90
2022-06-01,42,OGN-USD,82472608.5,90
2022-06-01,43,KLAY-USD,80796530.5,90
2022-06-01,44,ONE3945-USD,80575905.5,90
2022-06-01,45,CELO-USD,79390293.0,90
2022-06-01,46,MKR-USD,76686890.5,90
2022-06-01,47,SXP-USD,69872614.5,90
2022-06-01,48,OKB-USD,66693874.5,90
2022-06-01,49,ZRX-USD,63516943.0,90
2022-06-01,50,KAVA-USD,63282793.5,90
2022-07-01,1,BTC-USD,29488599124.5,90
2022-07-01,2,ETH-USD,17242162697.5,90
2022-07-01,3,BCH-USD,3244390918.5,90
2022-07-01,4,BNB-USD,1613286494.5,90
2022-07-01,5,SOL-USD,1569551987.0,90
2022-07-01,6,XRP-USD,1563474080.5,90
2022-07-01,7,LUNC-USD,1247056327.0,90
2022-07-01,8,TRX-USD,999843430.0,90
2022-07-01,9,ADA-USD,934466232.0,90
2022-07-01,10,DOGE-USD,710023915.0,90
2022-07-01,11,LTC-USD,674751631.5,90
2022-07-01,12,LINK-USD,448869233.0,90
2022-07-01,13,ETC-USD,439089397.5,90
2022-07-01,14,WAVES-USD,403521119.0,90
2022-07-01,15,ATOM-USD,354570482.5,90
2022-07-01,16,EOS-USD,350113391.5,90
2022-07-01,17,FIL-USD,298434045.0,90
2022-07-01,18,ZIL-USD,290833477.0,90
2022-07-01,19,MANA-USD,267521258.0,90
2022-07-01,20,XLM-USD,219974135.5,90
2022-07-01,21,VET-USD,194374235.5,90
2022-07-01,22,XMR-USD,191362210.5,90
2022-07-01,23,ZEC-USD,164245322.0,90
2022-07-01,24,ALGO-USD,155523054.0,90
2022-07-01,25,RUNE-USD,141592976.5,90
2022-07-01,26,DASH-USD,139737619.0,90
2022-07-01,27,THETA-USD,136918992.0,90
2022-07-01,28,BSV-USD,130101765.0,90
2022-07-01,29,ENJ-USD,114823239.5,90
2022-07-01,30,LRC-USD,114365783.0,90
2022-07-01,31,CHZ-USD,100980870.5,90
2022-07-01,32,WIN-USD,99669543.5,90
2022-07-01,33,MKR-USD,95322445.5,90
2022-07-01,34,NEO-USD,95025771.0,90
2022-07-01,35,JST-USD,92263227.0,90
2022-07-01,36,OMG-USD,92051567.0,90
2022-07-01,37,QTUM-USD,84331621.0,90
2022-07-01,38,FTT-USD,84040667.0,90
2022-07-01,39,XTZ-USD,83614890.0,90
2022-07-01,40,SNX-USD,82600760.5,90
2022-07-01,41,KSM-USD,81750355.5,90
2022-07-01,42,BAT-USD,77013051.5,90
2022-07-01,43,KLAY-USD,72487688.0,90
2022-07-01,44,COMP5692-USD,71740331.5,90
2022-07-01,45,OGN-USD,71021790.0,90
2022-07-01,46,KAVA-USD,62336870.5,90
2022-07-01,47,ZRX-USD,60631444.5,90
2022-07-01,48,CELO-USD,55266294.0,90
2022-07-01,49,ONE3945-USD,53876956.5,90
2022-07-01,50,SXP-USD,51703047.0,90
2022-08-01,1,BTC-USD,29754302192.5,90
2022-08-01,2,ETH-USD,17314648891.0,90
2022-08-01,3,BCH-USD,1690759570.5,90
2022-08-01,4,SOL-USD,1475820929.0,90
2022-08-01,5,XRP-USD,1364820370.5,90
2022-08-01,6,BNB-USD,1352208014.0,90
2022-08-01,7,ADA-USD,916504904.0,90
2022-08-01,8,TRX-USD,770428820.0,90
2022-08-01,9,AVAX-USD,627924508.0,90
2022-08-01,10,LTC-USD,588074951.5,90
2022-08-01,11,DOGE-USD,516642911.0,90
2022-08-01,12,LINK-USD,427177040.5,90
2022-08-01,13,ETC-USD,363373119.5,90
2022-08-01,14,ATOM-USD,328437583.0,90
2022-08-01,15,WAVES-USD,315952107.5,90
2022-08-01,16,EOS-USD,277750967.0,90
2022-08-01,17,MANA-USD,246252186.5,90
2022-08-01,18,FIL-USD,203426715.0,90
2022-08-01,19,XLM-USD,181287224.5,90
2022-08-01,20,ZIL-USD,178509559.5,90
2022-08-01,21,LUNC-USD,164511283.0,90
2022-08-01,22,VET-USD,140578916.0,90
2022-08-01,23,XMR-USD,135433145.0,90
2022-08-01,24,RUNE-USD,127702188.5,90
2022-08-01,25,MKR-USD,123286713.5,90
2022-08-01,26,ALGO-USD,110823983.0,90
2022-08-01,27,DASH-USD,108325566.0,90
2022-08-01,28,BSV-USD,108146103.5,90
2022-08-01,29,ZEC-USD,99655034.0,90
2022-08-01,30,COMP5692-USD,89222922.5,90
2022-08-01,31,LRC-USD,86655048.0,90
2022-08-01,32,CHZ-USD,84526294.5,90
2022-08-01,33,THETA-USD,83176501.0,90
2022-08-01,34,ENJ-USD,82951762.5,90
2022-08-01,35,FTT-USD,79934057.0,90
2022-08-01,36,SNX-USD,78929452.5,90
2022-08-01,37,BAT-USD,72386453.0,90
2022-08-01,38,WIN-USD,71034260.5,90
2022-08-01,39,QTUM-USD,69946031.5,90
2022-08-01,40,NEO-USD,68595380.5,90
2022-08-01,41,OMG-USD,66912440.0,90
2022-08-01,42,XTZ-USD,66656999.0,90
2022-08-01,43,JST-USD,61124827.5,90
2022-08-01,44,KSM-USD,60292630.5,90
2022-08-01,45,YFI-USD,58261346.5,90
2022-08-01,46,KLAY-USD,56110641.0,90
2022-08-01,47,QNT-USD,51896620.5,90
2022-08-01,48,OGN-USD,49898247.0,90
2022-08-01,49,YFII-USD,48010038.0,90
2022-08-01,50,ONE3945-USD,46122396.5,90
2022-09-01,1,BTC-USD,28575169162.5,90
2022-09-01,2,ETH-USD,16813821617.0,90
2022-09-01,3,SOL-USD,1277414802.0,90
2022-09-01,4,BNB-USD,1145047135.5,90
2022-09-01,5,XRP-USD,1097203431.0,90
2022-09-01,6,ADA-USD,794633709.5,90
2022-09-01,7,ETC-USD,725776933.0,90
2022-09-01,8,BCH-USD,581260144.5,90
2022-09-01,9,TRX-USD,530067789.0,90
2022-09-01,10,AVAX-USD,511550039.0,90
2022-09-01,11,LTC-USD,486274687.5,90
2022-09-01,12,DOGE-USD,445328589.0,90
2022-09-01,13,DOT-USD,428609560.5,90
2022-09-01,14,SHIB-USD,419101163.5,90
2022-09-01,15,LINK-USD,417448471.5,90
2022-09-01,16,SAND-USD,332932323.0,90
2022-09-01,17,NEAR-USD,304821112.0,90
2022-09-01,18,ATOM-USD,287965654.5,90
2022-09-01,19,EOS-USD,254618227.0,90
2022-09-01,20,WAVES-USD,245215963.0,90
2022-09-01,21,MANA-USD,213736024.5,90
2022-09-01,22,FIL-USD,200324575.0,90
2022-09-01,23,ZIL-USD,166813910.0,90
2022-09-01,24,XLM-USD,154798931.0,90
2022-09-01,25,AXS-USD,146477306.5,90
2022-09-01,26,CRV-USD,141945061.0,90
2022-09-01,27,MKR-USD,140974808.5,90
2022-09-01,28,RUNE-USD,121223315.5,90
2022-09-01,29,YFII-USD,109053116.5,90
2022-09-01,30,LUNC-USD,108826818.5,90
2022-09-01,31,COMP5692-USD,107318713.5,90
2022-09-01,32,VET-USD,107132585.5,90
2022-09-01,33,CHZ-USD,106589162.5,90
2022-09-01,34,XMR-USD,105736418.5,90
2022-09-01,35,FTT-USD,95628753.5,90
2022-09-01,36,ALGO-USD,92928268.5,90
2022-09-01,37,DASH-USD,90946713.0,90
2022-09-01,38,SNX-USD,87948972.0,90
2022-09-01,39,ZEC-USD,81506372.5,90
2022-09-01,40,LRC-USD,71130219.5,90
2022-09-01,41,SUSHI-USD,71038567.0,90
2022-09-01,42,ENJ-USD,69775338.5,90
2022-09-01,43,BSV-USD,67467076.5,90
2022-09-01,44,SRM-USD,65449120.0,90
2022-09-01,45,BAT-USD,63710384.0,90
2022-09-01,46,THETA-USD,61485564.0,90
2022-09-01,47,WIN-USD,59738440.5,90
2022-09-01,48,QTUM-USD,57258928.5,90
2022-09-01,49,YFI-USD,56930880.5,90
2022-09-01,50,NEO-USD,53928881.5,90
2022-10-01,1,BTC-USD,30980151334.5,90
2022-10-01,2,ETH-USD,17004783154.0,90
2022-10-01,3,SOL-USD,1118743133.5,90
2022-10-01,4,XRP-USD,1108087649.5,90
2022-10-01,5,BNB-USD,1037166265.5,90
2022-10-01,6,ETC-USD,1003141560.0,90
2022-10-01,7,ADA-USD,727595625.0,90
2022-10-01,8,LTC-USD,472034548.5,90
2022-10-01,9,AVAX-USD,463406158.5,90
2022-10-01,10,TRX-USD,425023835.0,90
2022-10-01,11,LINK-USD,413739830.5,90
2022-10-01,12,DOT-USD,381348231.5,90
2022-10-01,13,ATOM-USD,380613066.5,90
2022-10-01,14,SHIB-USD,379030279.0,90
2022-10-01,15,DOGE-USD,376969483.0,90
2022-10-01,16,EOS-USD,309149044.5,90
2022-10-01,17,NEAR-USD,301747468.0,90
2022-10-01,18,SAND-USD,301590755.5,90
2022-10-01,19,BCH-USD,284844454.0,90
2022-10-01,20,CHZ-USD,278237570.5,90
2022-10-01,21,FIL-USD,208874476.0,90
2022-10-01,22,GALA-USD,192123836.0,90
2022-10-01,23,MANA-USD,167724626.5,90
2022-10-01,24,LUNC-USD,158989433.0,90
2022-10-01,25,UNI7083-USD,156860260.5,90
2022-10-01,26,WAVES-USD,156734613.5,90
2022-10-01,27,ZIL-USD,144920487.0,90
2022-10-01,28,CRV-USD,136204968.0,90
2022-10-01,29,XLM-USD,135101925.0,90
2022-10-01,30,MKR-USD,133955203.0,90
2022-10-01,31,AXS-USD,121942807.0,90
2022-10-01,32,XMR-USD,101257609.0,90
2022-10-01,33,COMP5692-USD,100452482.0,90
2022-10-01,34,YFII-USD,99708331.5,90
2022-10-01,35,RUNE-USD,97497029.0,90
2022-10-01,36,FTT-USD,96592667.0,90
2022-10-01,37,ALGO-USD,86311669.0,90
2022-10-01,38,DASH-USD,84697596.0,90
2022-10-01,39,VET-USD,81413656.5,90
2022-10-01,40,SNX-USD,80422422.5,90
2022-10-01,41,ZEC-USD,69741939.0,90
2022-10-01,42,BSV-USD,61771479.5,90
2022-10-01,43,ENJ-USD,60290100.5,90
2022-10-01,44,LRC-USD,59295112.0,90
2022-10-01,45,YFI-USD,56930880.5,90
2022-10-01,46,SUSHI-USD,55046118.5,90
2022-10-01,47,QTUM-USD,49739835.5,90
2022-10-01,48,CAKE-USD,49392644.0,90
2022-10-01,49,SRM-USD,48043392.5,90
2022-10-01,50,NEO-USD,47220557.0,90
2022-11-01,1,BTC-USD,31141729368.5,90
2022-11-01,2,ETH-USD,15941885511.5,90
2022-11-01,3,XRP-USD,1378147332.0,90
2022-11-01,4,BNB-USD,938106904.5,90
2022-11-01,5,SOL-USD,867050794.5,90
2022-11-01,6,ETC-USD,730876139.0,90
2022-11-01,7,ADA-USD,602109753.5,90
2022-11-01,8,LTC-USD,457192438.5,90
2022-11-01,9,LINK-USD,393050857.5,90
2022-11-01,10,TRX-USD,360798174.0,90
2022-11-01,11,AVAX-USD,335585761.5,90
2022-11-01,12,DOGE-USD,328850070.0,90
2022-11-01,13,SHIB-USD,322415306.5,90
2022-11-01,14,CHZ-USD,316459773.0,90
2022-11-01,15,ATOM-USD,316062914.5,90
2022-11-01,16,DOT-USD,310472874.0,90
2022-11-01,17,LUNC-USD,309215313.5,90
2022-11-01,18,NEAR-USD,246973779.0,90
2022-11-01,19,BCH-USD,243779152.0,90
2022-11-01,20,EOS-USD,243189768.5,90
2022-11-01,21,SAND-USD,211475074.0,90
2022-11-01,22,FIL-USD,196731811.5,90
2022-11-01,23,UNI7083-USD,135113880.0,90
2022-11-01,24,MANA-USD,132581926.5,90
2022-11-01,25,AAVE-USD,132368494.5,90
2022-11-01,26,GALA-USD,130079464.0,90
2022-11-01,27,XLM-USD,119889168.5,90
2022-11-01,28,WAVES-USD,96807136.0,90
2022-11-01,29,AXS-USD,96559532.5,90
2022-11-01,30,ALGO-USD,85494933.0,90
2022-11-01,31,XMR-USD,85192528.5,90
2022-11-01,32,CRV-USD,84915506.0,90
2022-11-01,33,FTT-USD,79071427.0,90
2022-11-01,34,DASH-USD,74836502.0,90
2022-11-01,35,ZIL-USD,69692185.5,90
2022-11-01,36,VET-USD,66324908.0,90
2022-11-01,37,ZEC-USD,64782451.5,90
2022-11-01,38,BSV-USD,64214508.0,90
2022-11-01,39,SNX-USD,59813651.0,90
2022-11-01,40,COMP5692-USD,52977915.5,90
2022-11-01,41,SUSHI-USD,52643256.5,90
2022-11-01,42,MKR-USD,52186346.0,90
2022-11-01,43,RUNE-USD,51066635.0,90
2022-11-01,44,YFI-USD,46662753.5,90
2022-11-01,45,LRC-USD,46639054.5,90
2022-11-01,46,EGLD-USD,46278803.5,90
2022-11-01,47,QTUM-USD,43312076.0,90
2022-11-01,48,CAKE-USD,43179004.5,90
2022-11-01,49,QNT-USD,42496911.0,90
2022-11-01,50,ENJ-USD,40925186.0,90
2022-12-01,1,BTC-USD,33091333100.0,90
2022-12-01,2,ETH-USD,12281255819.5,90
2022-12-01,3,XRP-USD,1442049830.5,90
2022-12-01,4,BNB-USD,872501648.0,90
2022-12-01,5,SOL-USD,761584310.5,90
2022-12-01,6,LTC-USD,533479299.5,90
2022-12-01,7,ADA-USD,527324528.5,90
2022-12-01,8,LINK-USD,412658601.0,90
2022-12-01,9,ETC-USD,411537123.0,90
2022-12-01,10,DOGE-USD,385796705.0,90
2022-12-01,11,CHZ-USD,356381871.5,90
2022-12-01,12,TRX-USD,352633963.5,90
2022-12-01,13,LUNC-USD,343417249.5,90
2022-12-01,14,ATOM-USD,268147995.0,90
2022-12-01,15,DOT-USD,253223752.5,90
2022-12-01,16,SHIB-USD,248704640.5,90
2022-12-01,17,BCH-USD,237027984.5,90
2022-12-01,18,AVAX-USD,213792115.5,90
2022-12-01,19,EOS-USD,202205486.0,90
2022-12-01,20,NEAR-USD,177007586.5,90
2022-12-01,21,SAND-USD,174287553.0,90
2022-12-01,22,FIL-USD,154566060.5,90
2022-12-01,23,UNI7083-USD,130486264.0,90
2022-12-01,24,MANA-USD,116996676.0,90
2022-12-01,25,AAVE-USD,115165121.5,90
2022-12-01,26,ALGO-USD,105655099.5,90
2022-12-01,27,XLM-USD,104365600.5,90
2022-12-01,28,GALA-USD,103364962.5,90
2022-12-01,29,XMR-USD,78860170.0,90
2022-12-01,30,WAVES-USD,78799276.5,90
2022-12-01,31,AXS-USD,76565511.5,90
2022-12-01,32,FTT-USD,69450096.5,90
2022-12-01,33,SUSHI-USD,67402856.0,90
2022-12-01,34,DASH-USD,66583724.5,90
2022-12-01,35,BSV-USD,63721061.0,90
2022-12-01,36,CRV-USD,63076961.5,90
2022-12-01,37,VET-USD,58419512.0,90
2022-12-01,38,ZEC-USD,54448779.0,90
2022-12-01,39,QNT-USD,50186822.5,90
2022-12-01,40,XT-USD,48532573.5,90
2022-12-01,41,REEF-USD,48427980.5,90
2022-12-01,42,SNX-USD,47839024.0,90
2022-12-01,43,ZIL-USD,46655258.5,90
2022-12-01,44,EGLD-USD,43120336.5,90
2022-12-01,45,CAKE-USD,41385796.0,90
2022-12-01,46,WEMIX-USD,40321938.0,90
2022-12-01,47,LRC-USD,39225447.5,90
2022-12-01,48,QTUM-USD,38565170.0,90
2022-12-01,49,HBAR-USD,36505094.5,90
2022-12-01,50,MKR-USD,35213054.0,90
2023-01-01,1,BTC-USD,25831759442.0,90
2023-01-01,2,ETH-USD,8910997557.5,90
2023-01-01,3,XRP-USD,1093493417.0,90
2023-01-01,4,BNB-USD,797497556.5,90
2023-01-01,5,SOL-USD,538621885.0,90
2023-01-01,6,DOGE-USD,532196264.0,90
2023-01-01,7,LTC-USD,500397909.0,90
2023-01-01,8,ADA-USD,319035971.0,90
2023-01-01,9,TRX-USD,295309594.5,90
2023-01-01,10,LINK-USD,293551155.5,90
2023-01-01,11,ETC-USD,243419919.0,90
2023-01-01,12,CHZ-USD,210654697.5,90
2023-01-01,13,DOT-USD,194808363.0,90
2023-01-01,14,BCH-USD,186233515.5,90
2023-01-01,15,SHIB-USD,163186678.0,90
2023-01-01,16,AVAX-USD,161854495.5,90
2023-01-01,17,LUNC-USD,144117473.0,90
2023-01-01,18,ATOM-USD,143293493.0,90
2023-01-01,19,EOS-USD,137115902.0,90
2023-01-01,20,SAND-USD,118951871.0,90
2023-01-01,21,NEAR-USD,110224324.0,90
2023-01-01,22,FIL-USD,107716133.0,90
2023-01-01,23,UNI7083-USD,94427318.5,90
2023-01-01,24,MANA-USD,82618252.0,90
2023-01-01,25,AAVE-USD,80271670.0,90
2023-01-01,26,WAVES-USD,74605098.0,90
2023-01-01,27,XMR-USD,71813306.5,90
2023-01-01,28,GALA-USD,70478605.5,90
2023-01-01,29,XLM-USD,70427328.5,90
2023-01-01,30,ALGO-USD,69888598.5,90
2023-01-01,31,SUSHI-USD,67402856.0,90
2023-01-01,32,DASH-USD,66018307.5,90
2023-01-01,33,BSV-USD,58101970.5,90
2023-01-01,34,AXS-USD,57986417.0,90
2023-01-01,35,ZEC-USD,45344964.0,90
2023-01-01,36,CRV-USD,45006843.5,90
2023-01-01,37,QNT-USD,44042942.0,90
2023-01-01,38,WEMIX-USD,43353726.0,90
2023-01-01,39,VET-USD,39107625.5,90
2023-01-01,40,TWT-USD,37991438.0,90
2023-01-01,41,FTT-USD,34994917.5,90
2023-01-01,42,QTUM-USD,34262853.5,90
2023-01-01,43,EGLD-USD,32625060.0,90
2023-01-01,44,CAKE-USD,30874506.0,90
2023-01-01,45,ZIL-USD,30536206.5,90
2023-01-01,46,XT-USD,30078582.5,90
2023-01-01,47,SNX-USD,28334901.0,90
2023-01-01,48,RUNE-USD,28144400.5,90
2023-01-01,49,REEF-USD,27977005.5,90
2023-01-01,50,JST-USD,27843158.5,90
2023-02-01,1,BTC-USD,22465591724.5,90
2023-02-01,2,ETH-USD,6816274887.5,90
2023-02-01,3,XRP-USD,932116489.0,90
2023-02-01,4,BNB-USD,668851195.5,90
2023-02-01,5,LTC-USD,599048580.0,90
2023-02-01,6,DOGE-USD,552856388.5,90
2023-02-01,7,SOL-USD,532219221.5,90
2023-02-01,8,ADA-USD,276286768.0,90
2023-02-01,9,LINK-USD,259141459.5,90
2023-02-01,10,TRX-USD,227390952.5,90
2023-02-01,11,ETC-USD,197308020.0,90
2023-02-01,12,DOT-USD,186143334.0,90
2023-02-01,13,BCH-USD,182830429.0,90
2023-02-01,14,SHIB-USD,179190764.5,90
2023-02-01,15,AVAX-USD,170674339.0,90
2023-02-01,16,CHZ-USD,144193114.0,90
2023-02-01,17,ATOM-USD,133515764.0,90
2023-02-01,18,SAND-USD,128976332.0,90
2023-02-01,19,FIL-USD,117950906.0,90
2023-02-01,20,EOS-USD,115676268.0,90
2023-02-01,21,LUNC-USD,108540786.0,90
2023-02-01,22,NEAR-USD,104411841.0,90
2023-02-01,23,WAVES-USD,86739000.0,90
2023-02-01,24,UNI7083-USD,83052879.0,90
2023-02-01,25,MANA-USD,81795429.5,90
2023-02-01,26,GALA-USD,77801679.5,90
2023-02-01,27,AXS-USD,75722347.0,90
2023-02-01,28,XMR-USD,75238418.5,90
2023-02-01,29,DASH-USD,72516794.0,90
2023-02-01,30,ALGO-USD,67647522.0,90
2023-02-01,31,AAVE-USD,67052400.5,90
2023-02-01,32,XLM-USD,57009966.5,90
2023-02-01,33,SUSHI-USD,56124922.0,90
2023-02-01,34,CRV-USD,55451310.0,90
2023-02-01,35,TWT-USD,52427883.5,90
2023-02-01,36,ZEC-USD,46151939.5,90
2023-02-01,37,BSV-USD,44995680.5,90
2023-02-01,38,VET-USD,36069872.0,90
2023-02-01,39,FLOW-USD,35218246.5,90
2023-02-01,40,QNT-USD,34259756.0,90
2023-02-01,41,CAKE-USD,31759225.5,90
2023-02-01,42,QTUM-USD,29751219.0,90
2023-02-01,43,RUNE-USD,29556433.0,90
2023-02-01,44,ZIL-USD,29496978.0,90
2023-02-01,45,SRM-USD,29415128.0,90
2023-02-01,46,LDO-USD,27676539.0,90
2023-02-01,47,LRC-USD,27375295.0,90
2023-02-01,48,NEO-USD,26859479.0,90
2023-02-01,49,SNX-USD,26364569.0,90
2023-02-01,50,KLAY-USD,26232196.5,90
2023-03-01,1,BTC-USD,20749905887.5,90
2023-03-01,2,ETH-USD,6508914937.5,90
2023-03-01,3,XRP-USD,865232630.0,90
2023-03-01,4,SOL-USD,561412974.5,90
2023-03-01,5,BNB-USD,555516537.0,90
2023-03-01,6,LTC-USD,544374949.5,90
2023-03-01,7,DOGE-USD,490610185.5,90
2023-03-01,8,ADA-USD,309476090.5,90
2023-03-01,9,LINK-USD,255175058.0,90
2023-03-01,10,SHIB-USD,249700921.5,90
2023-03-01,11,AVAX-USD,237905786.0,90
2023-03-01,12,DOT-USD,218617021.5,90
2023-03-01,13,TRX-USD,216681635.5,90
2023-03-01,14,BCH-USD,178392736.0,90
2023-03-01,15,SAND-USD,174762177.5,90
2023-03-01,16,ETC-USD,171772970.5,90
2023-03-01,17,GALA-USD,167821879.0,89
2023-03-01,18,FIL-USD,161897872.0,90
2023-03-01,19,ATOM-USD,148431777.5,90
2023-03-01,20,LDO-USD,121195130.0,90
2023-03-01,21,EOS-USD,116045608.5,90
2023-03-01,22,NEAR-USD,113471547.0,90
2023-03-01,23,MANA-USD,110969599.0,90
2023-03-01,24,CHZ-USD,108622395.5,90
2023-03-01,25,WAVES-USD,100950915.0,90
2023-03-01,26,MASK8536-USD,100935353.5,90
2023-03-01,27,LUNC-USD,98581175.0,90
2023-03-01,28,AXS-USD,93533260.5,90
2023-03-01,29,DASH-USD,89222865.0,90
2023-03-01,30,UNI7083-USD,85660651.0,90
2023-03-01,31,XMR-USD,78039671.0,90
2023-03-01,32,FET-USD,71061963.0,90
2023-03-01,33,ALGO-USD,66480520.5,90
2023-03-01,34,AAVE-USD,65478585.0,90
2023-03-01,35,CRV-USD,65158497.5,90
2023-03-01,36,SUSHI-USD,56521303.0,90
2023-03-01,37,XLM-USD,54854750.0,90
2023-03-01,38,ZEC-USD,52368227.0,90
2023-03-01,39,JASMY-USD,50338257.5,90
2023-03-01,40,FLOW-USD,48092563.5,90
2023-03-01,41,VET-USD,47254960.0,90
2023-03-01,42,ZIL-USD,46180813.0,90
2023-03-01,43,PBR-USD,46058207.0,90
2023-03-01,44,OCEAN-USD,41657086.0,90
2023-03-01,45,BSV-USD,39761216.5,90
2023-03-01,46,TWT-USD,39735420.5,90
2023-03-01,47,GRT6719-USD,39653986.5,90
2023-03-01,48,LRC-USD,39397525.0,90
2023-03-01,49,RUNE-USD,38301874.0,90
2023-03-01,50,CAKE-USD,37315343.5,90
2023-04-01,1,BTC-USD,25469220655.5,90
2023-04-01,2,ETH-USD,8222391033.0,90
2023-04-01,3,XRP-USD,1050301218.5,90
2023-04-01,4,SOL-USD,649001565.0,90
2023-04-01,5,LTC-USD,579847363.0,90
2023-04-01,6,BNB-USD,523030655.0,90
2023-04-01,7,DOGE-USD,449522674.5,90
2023-04-01,8,ADA-USD,366415744.5,90
2023-04-01,9,LINK-USD,309974679.0,90
2023-04-01,10,SHIB-USD,296849249.5,90
2023-04-01,11,AVAX-USD,257050078.5,90
2023-04-01,12,FIL-USD,256534768.5,90
2023-04-01,13,TRX-USD,253120160.0,90
2023-04-01,14,DOT-USD,249083690.5,90
2023-04-01,15,GALA-USD,221825731.0,89
2023-04-01,16,ETC-USD,209421054.0,90
2023-04-01,17,SAND-USD,197656272.5,90
2023-04-01,18,BCH-USD,196994115.5,90
2023-04-01,19,LDO-USD,187304234.0,90
2023-04-01,20,ATOM-USD,172876345.0,90
2023-04-01,21,CFX-USD,160828541.0,90
2023-04-01,22,EOS-USD,142365231.5,90
2023-04-01,23,NEAR-USD,134838128.0,90
2023-04-01,24,AGIX-USD,125996059.0,90
2023-04-01,25,MANA-USD,123788601.5,90
2023-04-01,26,MASK8536-USD,119000966.5,90
2023-04-01,27,DASH-USD,102533259.5,90
2023-04-01,28,UNI7083-USD,101280843.5,90
2023-04-01,29,LUNC-USD,94026326.5,90
2023-04-01,30,FET-USD,93174618.0,90
2023-04-01,31,AXS-USD,86730549.5,90
2023-04-01,32,CHZ-USD,86342281.5,90
2023-04-01,33,XMR-USD,85114821.5,90
2023-04-01,34,CRV-USD,84860717.0,90
2023-04-01,35,WAVES-USD,83845571.5,90
2023-04-01,36,AAVE-USD,78490503.0,90
2023-04-01,37,RENDER-USD,77878427.0,89
2023-04-01,38,ALGO-USD,77538547.5,90
2023-04-01,39,XLM-USD,70600594.5,90
2023-04-01,40,GRT6719-USD,63552559.0,90
2023-04-01,41,SNX-USD,59307324.5,90
2023-04-01,42,FLOW-USD,58567660.0,90
2023-04-01,43,SUSHI-USD,58429311.0,90
2023-04-01,44,ANKR-USD,56452199.0,90
2023-04-01,45,ZEC-USD,56219788.5,90
2023-04-01,46,VET-USD,55853099.0,90
2023-04-01,47,JASMY-USD,55850103.5,90
2023-04-01,48,LRC-USD,54582836.5,90
2023-04-01,49,MINA-USD,52987796.5,90
2023-04-01,50,ACH-USD,52419653.0,90
2023-05-01,1,BTC-USD,22485962817.5,90
2023-05-01,2,ETH-USD,8699431839.5,90
2023-05-01,3,XRP-USD,1073253690.0,90
2023-05-01,4,BNB-USD,577516387.5,90
2023-05-01,5,LTC-USD,571129431.5,90
2023-05-01,6,SOL-USD,522362629.5,90
2023-05-01,7,DOGE-USD,474821603.5,90
2023-05-01,8,ADA-USD,362469257.5,90
2023-05-01,9,LINK-USD,296609810.0,90
2023-05-01,10,SHIB-USD,262070431.5,90
2023-05-01,11,CFX-USD,251136151.5,90
2023-05-01,12,FIL-USD,234482721.0,90
2023-05-01,13,TRX-USD,234136799.5,90
2023-05-01,14,DOT-USD,226232260.5,90
2023-05-01,15,AVAX-USD,225841784.5,90
2023-05-01,16,BCH-USD,178293073.0,90
2023-05-01,17,ETC-USD,169233320.0,90
2023-05-01,18,GALA-USD,159071057.0,89
2023-05-01,19,LDO-USD,156938697.0,90
2023-05-01,20,ATOM-USD,151419642.5,90
2023-05-01,21,EOS-USD,146928783.0,90
2023-05-01,22,SAND-USD,146231609.0,90
2023-05-01,23,STX4847-USD,131111514.0,90
2023-05-01,24,MASK8536-USD,126501442.5,90
2023-05-01,25,AGIX-USD,119955935.5,90
2023-05-01,26,NEAR-USD,107443303.5,90
2023-05-01,27,MANA-USD,102339232.5,90
2023-05-01,28,DASH-USD,101167411.0,90
2023-05-01,29,RENDER-USD,95710308.5,90
2023-05-01,30,UNI7083-USD,90351736.0,90
2023-05-01,31,XMR-USD,81578742.5,90
2023-05-01,32,FET-USD,80990963.5,90
2023-05-01,33,CHZ-USD,75700481.5,90
2023-05-01,34,LUNC-USD,70342670.0,90
2023-05-01,35,GRT6719-USD,70116980.5,90
2023-05-01,36,ALGO-USD,69705892.0,90
2023-05-01,37,INJ-USD,69679294.5,90
2023-05-01,38,CRV-USD,69047096.0,90
2023-05-01,39,AAVE-USD,67163552.5,90
2023-05-01,40,XLM-USD,65167659.5,90
2023-05-01,41,AXS-USD,63851245.5,90
2023-05-01,42,WAVES-USD,63676276.5,90
2023-05-01,43,SNX-USD,61568971.5,90
2023-05-01,44,ACH-USD,59667238.0,90
2023-05-01,45,JASMY-USD,57769678.0,90
2023-05-01,46,NEO-USD,57414233.0,90
2023-05-01,47,ANKR-USD,56093857.5,90
2023-05-01,48,LRC-USD,53027456.0,90
2023-05-01,49,VET-USD,52174440.5,90
2023-05-01,50,MINA-USD,49874933.5,90
2023-06-01,1,BTC-USD,17516092944.0,90
2023-06-01,2,ETH-USD,8354979402.0,90
2023-06-01,3,XRP-USD,1075667810.0,90
2023-06-01,4,LTC-USD,549107279.5,90
2023-06-01,5,BNB-USD,527164897.5,90
2023-06-01,6,DOGE-USD,368735772.5,90
2023-06-01,7,SOL-USD,367632384.5,90
2023-06-01,8,ADA-USD,272595017.5,90
2023-06-01,9,CFX-USD,218854364.5,90
2023-06-01,10,TRX-USD,215913335.0,90
2023-06-01,11,LINK-USD,203384607.5,90
2023-06-01,12,FIL-USD,179602187.0,90
2023-06-01,13,AVAX-USD,160884228.5,90
2023-06-01,14,SHIB-USD,155194984.0,90
2023-06-01,15,DOT-USD,154580942.0,90
2023-06-01,16,GALA-USD,128667322.0,90
2023-06-01,17,ETC-USD,128470248.5,90
2023-06-01,18,EOS-USD,122611591.0,90
2023-06-01,19,BCH-USD,115511244.5,90
2023-06-01,20,ATOM-USD,115404091.5,90
2023-06-01,21,RENDER-USD,114109839.5,90
2023-06-01,22,MASK8536-USD,111089972.5,90
2023-06-01,23,SAND-USD,102667715.5,90
2023-06-01,24,STX4847-USD,92945598.0,90
2023-06-01,25,DASH-USD,79343134.5,90
2023-06-01,26,LDO-USD,77297750.5,90
2023-06-01,27,INJ-USD,70883582.0,90
2023-06-01,28,XMR-USD,69749362.0,90
2023-06-01,29,MANA-USD,69231026.5,90
2023-06-01,30,NEAR-USD,67376384.0,90
2023-06-01,31,UNI7083-USD,66448545.5,90
2023-06-01,32,AGIX-USD,65233798.5,90
2023-06-01,33,JASMY-USD,51805844.0,90
2023-06-01,34,FET-USD,51748263.0,90
2023-06-01,35,CHZ-USD,51258022.5,90
2023-06-01,36,XLM-USD,51130379.5,90
2023-06-01,37,AAVE-USD,50707111.5,90
2023-06-01,38,LUNC-USD,49426961.0,90
2023-06-01,39,ALGO-USD,48006042.5,90
2023-06-01,40,ACH-USD,47934099.5,90
2023-06-01,41,NEO-USD,47631536.0,90
2023-06-01,42,CRV-USD,46505507.5,90
2023-06-01,43,WAVES-USD,46368838.5,90
2023-06-01,44,AXS-USD,43845973.0,90
2023-06-01,45,VET-USD,43625793.5,90
2023-06-01,46,GRT6719-USD,43226450.5,90
2023-06-01,47,CAKE-USD,40707991.0,90
2023-06-01,48,ANKR-USD,39645967.5,90
2023-06-01,49,QTUM-USD,38793430.0,90
2023-06-01,50,SNX-USD,38380701.0,90
2023-07-01,1,BTC-USD,15160657954.5,90
2023-07-01,2,ETH-USD,7118456217.5,90
2023-07-01,3,XRP-USD,1034702325.0,90
2023-07-01,4,BNB-USD,506083397.5,90
2023-07-01,5,LTC-USD,494398463.5,90
2023-07-01,6,SOL-USD,310900928.0,90
2023-07-01,7,DOGE-USD,275852034.0,90
2023-07-01,8,ADA-USD,236931551.5,90
2023-07-01,9,TRX-USD,187778539.5,90
2023-07-01,10,LINK-USD,169418388.5,90
2023-07-01,11,CFX-USD,136713960.0,90
2023-07-01,12,AVAX-USD,134019939.5,90
2023-07-01,13,FIL-USD,132290453.5,90
2023-07-01,14,RENDER-USD,123056441.5,90
2023-07-01,15,DOT-USD,120853125.5,90
2023-07-01,16,SHIB-USD,113996020.5,90
2023-07-01,17,EOS-USD,105421609.0,90
2023-07-01,18,ETC-USD,101210491.5,90
2023-07-01,19,BCH-USD,96695277.5,90
2023-07-01,20,MASK8536-USD,82629332.0,90
2023-07-01,21,ATOM-USD,82256140.5,90
2023-07-01,22,GALA-USD,81132876.0,90
2023-07-01,23,SAND-USD,79802547.0,90
2023-07-01,24,INJ-USD,65489506.5,90
2023-07-01,25,STX4847-USD,65297860.5,90
2023-07-01,26,XMR-USD,65209894.0,90
2023-07-01,27,DASH-USD,58232723.5,90
2023-07-01,28,MANA-USD,56671170.0,90
2023-07-01,29,LDO-USD,56419770.5,90
2023-07-01,30,NEAR-USD,55809364.5,90
2023-07-01,31,UNI7083-USD,51690099.5,90
2023-07-01,32,XLM-USD,43782369.5,90
2023-07-01,33,LUNC-USD,43737098.0,90
2023-07-01,34,JASMY-USD,42464932.5,90
2023-07-01,35,AGIX-USD,41706958.5,90
2023-07-01,36,CRV-USD,40547133.5,90
2023-07-01,37,NEO-USD,40349647.0,90
2023-07-01,38,CHZ-USD,39501625.0,90
2023-07-01,39,AAVE-USD,39477481.5,90
2023-07-01,40,AXS-USD,38274216.5,90
2023-07-01,41,WAVES-USD,38214017.0,90
2023-07-01,42,LINA7102-USD,38161763.5,90
2023-07-01,43,FET-USD,37584170.0,90
2023-07-01,44,ALGO-USD,37518889.0,90
2023-07-01,45,VET-USD,36039743.5,90
2023-07-01,46,SXP-USD,35932419.0,90
2023-07-01,47,CAKE-USD,33804744.5,90
2023-07-01,48,ARPA-USD,32414600.0,90
2023-07-01,49,GRT6719-USD,31839142.5,90
2023-07-01,50,BSV-USD,31656968.5,90
2023-08-01,1,BTC-USD,13441162405.0,90
2023-08-01,2,ETH-USD,6065917048.5,90
2023-08-01,3,XRP-USD,1052544755.5,90
2023-08-01,4,LTC-USD,488823107.0,90
2023-08-01,5,BNB-USD,453703840.5,90
2023-08-01,6,SOL-USD,345984062.0,90
2023-08-01,7,DOGE-USD,266192024.0,90
2023-08-01,8,ADA-USD,208304135.0,90
2023-08-01,9,TRX-USD,178977410.0,90
2023-08-01,10,LINK-USD,160815115.5,90
2023-08-01,11,BCH-USD,133626846.0,90
2023-08-01,12,AVAX-USD,130827757.5,90
2023-08-01,13,DOT-USD,111014330.0,90
2023-08-01,14,FIL-USD,108589126.0,90
2023-08-01,15,EOS-USD,105421609.0,90
2023-08-01,16,SHIB-USD,103696937.0,90
2023-08-01,17,ETC-USD,102513842.0,90
2023-08-01,18,RENDER-USD,81818567.0,90
2023-08-01,19,CFX-USD,79144339.0,90
2023-08-01,20,ATOM-USD,72092353.5,90
2023-08-01,21,MASK8536-USD,71787646.0,90
2023-08-01,22,SAND-USD,63904801.5,90
2023-08-01,23,XMR-USD,62586570.5,90
2023-08-01,24,GALA-USD,59591719.0,90
2023-08-01,25,UNI7083-USD,55900337.5,90
2023-08-01,26,INJ-USD,51322292.0,90
2023-08-01,27,DASH-USD,50768411.0,90
2023-08-01,28,NEAR-USD,49567579.0,90
2023-08-01,29,WAVES-USD,48255251.0,90
2023-08-01,30,LDO-USD,46434474.5,90
2023-08-01,31,XLM-USD,46103420.5,90
2023-08-01,32,STX4847-USD,45668008.5,90
2023-08-01,33,AAVE-USD,45497130.0,90
2023-08-01,34,MANA-USD,44070835.5,90
2023-08-01,35,AXS-USD,37996942.0,90
2023-08-01,36,NEO-USD,37695323.0,90
2023-08-01,37,ALGO-USD,36597150.0,90
2023-08-01,38,BSV-USD,35671280.5,90
2023-08-01,39,KAVA-USD,33765486.5,90
2023-08-01,40,LUNC-USD,33712247.0,90
2023-08-01,41,CRV-USD,33514497.5,90
2023-08-01,42,FET-USD,33045413.5,90
2023-08-01,43,VET-USD,33032623.0,90
2023-08-01,44,AGIX-USD,31826580.5,90
2023-08-01,45,ARPA-USD,31313258.0,90
2023-08-01,46,GRT6719-USD,29611092.5,90
2023-08-01,47,QTUM-USD,29414764.5,90
2023-08-01,48,CHZ-USD,28219440.5,90
2023-08-01,49,LINA7102-USD,26332954.0,90
2023-08-01,50,SNX-USD,25334537.5,90
2023-09-01,1,BTC-USD,12849259122.5,90
2023-09-01,2,ETH-USD,5680326194.0,90
2023-09-01,3,XRP-USD,1156855724.5,90
2023-09-01,4,BNB-USD,453703840.5,90
2023-09-01,5,LTC-USD,443823075.5,90
2023-09-01,6,SOL-USD,365622962.0,90
2023-09-01,7,DOGE-USD,303535458.5,90
2023-09-01,8,BCH-USD,268878594.0,90
2023-09-01,9,ADA-USD,212097914.5,90
2023-09-01,10,LINK-USD,188501283.0,90
2023-09-01,11,TRX-USD,173987432.5,90
2023-09-01,12,SHIB-USD,126674230.0,90
2023-09-01,13,AVAX-USD,122057159.5,90
2023-09-01,14,ETC-USD,112493719.5,90
2023-09-01,15,DOT-USD,109885080.5,90
2023-09-01,16,EOS-USD,105441954.0,90
2023-09-01,17,FIL-USD,103594642.5,90
2023-09-01,18,XLM-USD,90023620.5,90
2023-09-01,19,UNI7083-USD,77350337.0,90
2023-09-01,20,XMR-USD,75732020.5,90
2023-09-01,21,ATOM-USD,74622540.5,90
2023-09-01,22,AAVE-USD,69047915.0,90
2023-09-01,23,MKR-USD,63271027.0,90
2023-09-01,24,COMP5692-USD,62208207.0,90
2023-09-01,25,SAND-USD,62070636.0,90
2023-09-01,26,MASK8536-USD,53559886.0,90
2023-09-01,27,GALA-USD,53298496.0,90
2023-09-01,28,WAVES-USD,51199418.0,90
2023-09-01,29,LDO-USD,50524237.0,90
2023-09-01,30,NEAR-USD,49119757.5,90
2023-09-01,31,DYDX-USD,44608766.5,90
2023-09-01,32,MANA-USD,44552180.0,90
2023-09-01,33,DASH-USD,43723059.0,90
2023-09-01,34,AXS-USD,40916913.0,90
2023-09-01,35,STX4847-USD,40433412.5,90
2023-09-01,36,CRV-USD,40396742.0,90
2023-09-01,37,CFX-USD,40294141.0,90
2023-09-01,38,INJ-USD,38472340.5,90
2023-09-01,39,HBAR-USD,35328084.0,90
2023-09-01,40,ALGO-USD,35297432.0,90
2023-09-01,41,BSV-USD,34873595.0,90
2023-09-01,42,GRT6719-USD,34386776.0,90
2023-09-01,43,RENDER-USD,32323211.0,90
2023-09-01,44,SNX-USD,31771339.0,90
2023-09-01,45,VET-USD,31210383.5,90
2023-09-01,46,NEO-USD,29519074.5,90
2023-09-01,47,QTUM-USD,28681184.5,90
2023-09-01,48,FLOW-USD,28410332.0,90
2023-09-01,49,LUNC-USD,27960580.0,90
2023-09-01,50,FET-USD,27859330.0,90
2023-10-01,1,BTC-USD,12140220982.0,90
2023-10-01,2,ETH-USD,4888228626.0,90
2023-10-01,3,XRP-USD,1017001796.5,90
2023-10-01,4,BNB-USD,417642790.0,90
2023-10-01,5,LTC-USD,349392340.5,90
2023-10-01,6,SOL-USD,344437603.5,90
2023-10-01,7,DOGE-USD,268429434.5,90
2023-10-01,8,BCH-USD,224977686.5,90
2023-10-01,9,LINK-USD,188746549.5,90
2023-10-01,10,ADA-USD,174562021.5,90
2023-10-01,11,TRX-USD,167323060.0,90
2023-10-01,12,SHIB-USD,111689997.0,90
2023-10-01,13,AVAX-USD,109064112.5,90
2023-10-01,14,XLM-USD,102306667.0,90
2023-10-01,15,ETC-USD,101221368.0,90
2023-10-01,16,DOT-USD,97970306.0,90
2023-10-01,17,EOS-USD,87818191.0,90
2023-10-01,18,FIL-USD,86270913.5,90
2023-10-01,19,MKR-USD,75721529.5,90
2023-10-01,20,UNI7083-USD,74836579.5,90
2023-10-01,21,ATOM-USD,71081592.0,90
2023-10-01,22,AAVE-USD,69973479.0,90
2023-10-01,23,XMR-USD,66978400.5,90
2023-10-01,24,COMP5692-USD,54906226.5,90
2023-10-01,25,SAND-USD,49164666.0,90
2023-10-01,26,LDO-USD,46376534.5,90
2023-10-01,27,GALA-USD,45583488.0,87
2023-10-01,28,NEAR-USD,44313295.5,90
2023-10-01,29,DYDX-USD,42397236.5,90
2023-10-01,30,MASK8536-USD,41346674.0,90
2023-10-01,31,HBAR-USD,39408327.0,90
2023-10-01,32,WAVES-USD,39220421.5,90
2023-10-01,33,MANA-USD,37829323.0,90
2023-10-01,34,DASH-USD,36772871.0,90
2023-10-01,35,RUNE-USD,36517687.0,90
2023-10-01,36,CRV-USD,33696613.5,90
2023-10-01,37,ZEC-USD,33583198.5,90
2023-10-01,38,AXS-USD,33310605.5,90
2023-10-01,39,SNX-USD,33016840.0,90
2023-10-01,40,BSV-USD,30840384.0,90
2023-10-01,41,STMX-USD,28651322.0,90
2023-10-01,42,GRT6719-USD,27999719.0,90
2023-10-01,43,VET-USD,27925658.5,90
2023-10-01,44,INJ-USD,27869193.5,90
2023-10-01,45,ALGO-USD,27648596.5,90
2023-10-01,46,TON11419-USD,27524930.0,90
2023-10-01,47,QTUM-USD,26438287.0,90
2023-10-01,48,FLOW-USD,26283880.5,90
2023-10-01,49,CHZ-USD,25356800.5,90
2023-10-01,50,NEO-USD,25197815.5,90
2023-11-01,1,BTC-USD,12022154278.0,90
2023-11-01,2,ETH-USD,4978021244.5,90
2023-11-01,3,XRP-USD,892552507.5,90
2023-11-01,4,BNB-USD,366869194.0,90
2023-11-01,5,SOL-USD,334056932.0,90
2023-11-01,6,LTC-USD,254030696.5,90
2023-11-01,7,DOGE-USD,205332550.0,90
2023-11-01,8,LINK-USD,195455646.5,90
2023-11-01,9,BCH-USD,170153446.5,90
2023-11-01,10,TRX-USD,168764668.5,90
2023-11-01,11,ADA-USD,135763002.5,90
2023-11-01,12,AVAX-USD,113527371.5,90
2023-11-01,13,SHIB-USD,97439989.0,90
2023-11-01,14,DOT-USD,91771671.0,90
2023-11-01,15,ETC-USD,82646787.0,90
2023-11-01,16,XLM-USD,82434169.5,90
2023-11-01,17,FIL-USD,79464280.5,90
2023-11-01,18,WLD-USD,74559017.5,90
2023-11-01,19,ATOM-USD,72719460.5,90
2023-11-01,20,EOS-USD,70204588.0,90
2023-11-01,21,UNI7083-USD,69302960.0,90
2023-11-01,22,MKR-USD,68859869.5,90
2023-11-01,23,AAVE-USD,67239191.0,90
2023-11-01,24,RUNE-USD,64888911.5,90
2023-11-01,25,XMR-USD,61677800.0,90
2023-11-01,26,GALA-USD,44225839.0,87
2023-11-01,27,TRB-USD,43992803.0,90
2023-11-01,28,SAND-USD,43239769.5,90
2023-11-01,29,HBAR-USD,42796267.0,90
2023-11-01,30,NEAR-USD,41969684.5,90
2023-11-01,31,DYDX-USD,41199445.0,89
2023-11-01,32,MASK8536-USD,39822428.5,90
2023-11-01,33,LDO-USD,39452673.5,90
2023-11-01,34,ZEC-USD,38373819.0,90
2023-11-01,35,DASH-USD,35722799.5,90
2023-11-01,36,MANA-USD,35658122.5,90
2023-11-01,37,COMP5692-USD,34095371.0,90
2023-11-01,38,CRV-USD,33137252.5,90
2023-11-01,39,YGG-USD,31223363.5,90
2023-11-01,40,BLZ-USD,30623786.0,90
2023-11-01,41,LOOM-USD,29212131.0,90
2023-11-01,42,BSV-USD,28252620.5,90
2023-11-01,43,GRT6719-USD,27497937.0,90
2023-11-01,44,SNX-USD,27423980.5,90
2023-11-01,45,WAVES-USD,27059347.5,90
2023-11-01,46,LPT-USD,26757305.5,90
2023-11-01,47,HIFI23037-USD,26723564.0,90
2023-11-01,48,TON11419-USD,26682338.0,90
2023-11-01,49,CHZ-USD,26672779.5,90
2023-11-01,50,RENDER-USD,26534260.0,90
2023-12-01,1,BTC-USD,13326280156.0,90
2023-12-01,2,ETH-USD,5531361816.5,90
2023-12-01,3,XRP-USD,970460558.0,90
2023-12-01,4,SOL-USD,578976888.0,90
2023-12-01,5,BNB-USD,386477832.5,90
2023-12-01,6,LINK-USD,318525775.0,90
2023-12-01,7,LTC-USD,253848530.0,90
2023-12-01,8,DOGE-USD,209110856.5,90
2023-12-01,9,TRX-USD,186541866.0,90
2023-12-01,10,BCH-USD,164163167.5,90
2023-12-01,11,AVAX-USD,150661483.5,90
2023-12-01,12,ADA-USD,141474753.5,90
2023-12-01,13,DOT-USD,104391480.0,90
2023-12-01,14,RUNE-USD,103391482.5,90
2023-12-01,15,ETC-USD,101475072.5,90
2023-12-01,16,SHIB-USD,97525214.5,90
2023-12-01,17,AAVE-USD,93187638.0,90
2023-12-01,18,FIL-USD,91989822.0,90
2023-12-01,19,WLD-USD,91735622.5,90
2023-12-01,20,EOS-USD,81559372.0,90
2023-12-01,21,ATOM-USD,77554047.0,90
2023-12-01,22,XLM-USD,77076992.5,90
2023-12-01,23,UNI7083-USD,74929223.0,90
2023-12-01,24,MKR-USD,72469928.0,90
2023-12-01,25,GALA-USD,69799239.0,87
2023-12-01,26,LOOM-USD,69525070.5,90
2023-12-01,27,ARK-USD,65912826.5,90
2023-12-01,28,TRB-USD,62768499.0,90
2023-12-01,29,XMR-USD,61161089.5,90
2023-12-01,30,STORJ-USD,60973883.0,90
2023-12-01,31,MASK8536-USD,54913748.5,90
2023-12-01,32,NEAR-USD,49529555.5,90
2023-12-01,33,SAND-USD,44729516.0,90
2023-12-01,34,HBAR-USD,43110507.5,90
2023-12-01,35,RENDER-USD,41896259.0,90
2023-12-01,36,COMP5692-USD,40537030.0,90
2023-12-01,37,MANA-USD,40301518.5,90
2023-12-01,38,LDO-USD,39694774.0,90
2023-12-01,39,ZEC-USD,39408556.0,90
2023-12-01,40,STRAX-USD,39039987.0,90
2023-12-01,41,BSV-USD,38411485.0,90
2023-12-01,42,CHZ-USD,37653171.0,90
2023-12-01,43,CRV-USD,37052425.0,90
2023-12-01,44,AXS-USD,36972011.5,90
2023-12-01,45,FET-USD,36400544.0,90
2023-12-01,46,DASH-USD,36381336.0,90
2023-12-01,47,INJ-USD,36323729.0,90
2023-12-01,48,FLOW-USD,36074687.0,90
2023-12-01,49,STX4847-USD,35081267.0,90
2023-12-01,50,MAGIC14783-USD,34711969.0,90
2024-01-01,1,BTC-USD,18473268356.0,90
2024-01-01,2,ETH-USD,8906152253.0,90
2024-01-01,3,SOL-USD,1721074091.0,90
2024-01-01,4,XRP-USD,1278942953.0,90
2024-01-01,5,BNB-USD,650805684.5,90
2024-01-01,6,LINK-USD,600613986.0,90
2024-01-01,7,DOGE-USD,500158110.0,90
2024-01-01,8,AVAX-USD,439249150.0,90
2024-01-01,9,ADA-USD,350462389.5,90
2024-01-01,10,LTC-USD,307501553.0,90
2024-01-01,11,TRX-USD,224135766.0,90
2024-01-01,12,RUNE-USD,216879141.5,90
2024-01-01,13,DOT-USD,211416479.5,90
2024-01-01,14,BCH-USD,179164921.0,90
2024-01-01,15,ETC-USD,170584455.5,90
2024-01-01,16,NEAR-USD,165559826.5,90
2024-01-01,17,SHIB-USD,163938610.0,90
2024-01-01,18,ATOM-USD,154446899.5,90
2024-01-01,19,FIL-USD,149191469.5,90
2024-01-01,20,AAVE-USD,141002933.5,90
2024-01-01,21,UNI7083-USD,135882960.5,90
2024-01-01,22,EOS-USD,121128586.5,90
2024-01-01,23,WLD-USD,113225881.0,90
2024-01-01,24,GALA-USD,112138485.0,90
2024-01-01,25,INJ-USD,104647037.5,90
2024-01-01,26,MASK8536-USD,103488223.0,90
2024-01-01,27,SAND-USD,96684277.5,90
2024-01-01,28,XLM-USD,88677627.5,90
2024-01-01,29,IMX10603-USD,88094610.0,90
2024-01-01,30,FET-USD,85016823.0,90
2024-01-01,31,XMR-USD,83236136.5,90
2024-01-01,32,RENDER-USD,82210098.5,90
2024-01-01,33,MANA-USD,80867799.0,90
2024-01-01,34,CAKE-USD,79342239.0,90
2024-01-01,35,LDO-USD,76256855.0,90
2024-01-01,36,GRT6719-USD,68353697.5,90
2024-01-01,37,NEO-USD,68189061.0,90
2024-01-01,38,AXS-USD,67090902.0,90
2024-01-01,39,TRB-USD,66671129.0,90
2024-01-01,40,HBAR-USD,66363549.0,90
2024-01-01,41,MKR-USD,66187692.0,90
2024-01-01,42,STX4847-USD,65530915.0,90
2024-01-01,43,MAGIC14783-USD,64274376.0,90
2024-01-01,44,STORJ-USD,63466479.0,90
2024-01-01,45,CHZ-USD,62972286.5,90
2024-01-01,46,ZEC-USD,61707174.5,90
2024-01-01,47,CRV-USD,60393861.0,90
2024-01-01,48,ALGO-USD,58354601.0,90
2024-01-01,49,SNX-USD,57825266.5,90
2024-01-01,50,FLOW-USD,57755399.0,90
2024-02-01,1,BTC-USD,22339873368.0,90
2024-02-01,2,ETH-USD,10616246226.0,90
2024-02-01,3,SOL-USD,2433257925.0,90
2024-02-01,4,XRP-USD,1328137557.0,90
2024-02-01,5,BNB-USD,872860803.5,90
2024-02-01,6,AVAX-USD,754705243.5,90
2024-02-01,7,LINK-USD,607400817.0,90
2024-02-01,8,DOGE-USD,560902799.0,90
2024-02-01,9,ADA-USD,445565812.5,90
2024-02-01,10,LTC-USD,337671738.0,90
2024-02-01,11,DOT-USD,271946498.5,90
2024-02-01,12,TRX-USD,257104348.0,90
2024-02-01,13,RUNE-USD,255695862.0,90
2024-02-01,14,ETC-USD,218389928.5,90
2024-02-01,15,FIL-USD,201649188.0,90
2024-02-01,16,NEAR-USD,200940396.0,90
2024-02-01,17,BCH-USD,194487182.0,90
2024-02-01,18,SHIB-USD,173653029.5,90
2024-02-01,19,INJ-USD,170180578.5,90
2024-02-01,20,ATOM-USD,165905288.5,90
2024-02-01,21,AAVE-USD,151516708.5,90
2024-02-01,22,UNI7083-USD,134490796.5,90
2024-02-01,23,WLD-USD,127379140.5,90
2024-02-01,24,EOS-USD,125389257.5,90
2024-02-01,25,ETHDYDX-USD,125354077.5,90
2024-02-01,26,MASK8536-USD,121172317.5,90
2024-02-01,27,SAND-USD,120640348.5,90
2024-02-01,28,STX4847-USD,116749398.0,90
2024-02-01,29,RENDER-USD,112593769.5,90
2024-02-01,30,ICP-USD,109953010.0,90
2024-02-01,31,GALA-USD,107377697.5,90
2024-02-01,32,LDO-USD,99774269.0,90
2024-02-01,33,IMX10603-USD,99597995.0,90
2024-02-01,34,CAKE-USD,99427085.5,90
2024-02-01,35,XMR-USD,89855532.0,90
2024-02-01,36,FET-USD,87079988.5,90
2024-02-01,37,XLM-USD,86107988.5,90
2024-02-01,38,MANA-USD,85073627.0,90
2024-02-01,39,TRB-USD,82155498.5,90
2024-02-01,40,GRT6719-USD,79563585.0,90
2024-02-01,41,MAGIC14783-USD,74167827.0,90
2024-02-01,42,AXS-USD,71627612.0,90
2024-02-01,43,ALGO-USD,71572133.5,90
2024-02-01,44,NEO-USD,70996351.0,90
2024-02-01,45,CHZ-USD,70778693.5,90
2024-02-01,46,HBAR-USD,70311879.0,90
2024-02-01,47,FLOW-USD,68919360.0,90
2024-02-01,48,MKR-USD,68630008.0,90
2024-02-01,49,MINA-USD,67786674.5,90
2024-02-01,50,CRV-USD,67167506.0,90
2024-03-01,1,BTC-USD,23506907899.5,90
2024-03-01,2,ETH-USD,11227224661.5,90
2024-03-01,3,SOL-USD,2445282026.0,90
2024-03-01,4,XRP-USD,1150762035.0,90
2024-03-01,5,BNB-USD,998607130.0,90
2024-03-01,6,AVAX-USD,700745277.0,90
2024-03-01,7,LINK-USD,574273344.5,90
2024-03-01,8,ADA-USD,544360290.5,90
2024-03-01,9,DOGE-USD,463501494.5,90
2024-03-01,10,LTC-USD,329544259.5,90
2024-03-01,11,TRX-USD,266766952.0,90
2024-03-01,12,DOT-USD,264858840.5,90
2024-03-01,13,ETC-USD,243788018.5,90
2024-03-01,14,FIL-USD,222083174.0,90
2024-03-01,15,RUNE-USD,218854788.0,90
2024-03-01,16,BCH-USD,214396459.0,90
2024-03-01,17,NEAR-USD,209220015.0,90
2024-03-01,18,INJ-USD,191544424.0,90
2024-03-01,19,ATOM-USD,167092532.5,90
2024-03-01,20,SHIB-USD,158619111.5,90
2024-03-01,21,STX4847-USD,155495348.0,90
2024-03-01,22,ICP-USD,137413204.0,90
2024-03-01,23,AAVE-USD,137157777.5,90
2024-03-01,24,RENDER-USD,127674751.0,90
2024-03-01,25,WLD-USD,126300249.5,90
2024-03-01,26,MASK8536-USD,121172317.5,90
2024-03-01,27,EOS-USD,121128586.5,90
2024-03-01,28,UNI7083-USD,116724423.5,90
2024-03-01,29,SAND-USD,116130269.5,90
2024-03-01,30,ETHDYDX-USD,108321363.0,90
2024-03-01,31,IMX10603-USD,108319007.5,90
2024-03-01,32,LDO-USD,97221697.5,90
2024-03-01,33,XMR-USD,90755651.0,90
2024-03-01,34,FET-USD,87229119.0,90
2024-03-01,35,CAKE-USD,87218677.5,90
2024-03-01,36,GALA-USD,82424245.0,90
2024-03-01,37,XLM-USD,80173733.0,90
2024-03-01,38,MANA-USD,80000552.0,90
2024-03-01,39,BSV-USD,77380723.5,90
2024-03-01,40,GRT6719-USD,76724428.0,90
2024-03-01,41,MAGIC14783-USD,76373533.0,90
2024-03-01,42,HBAR-USD,74177551.5,90
2024-03-01,43,MINA-USD,73568285.5,90
2024-03-01,44,CHZ-USD,73140188.0,90
2024-03-01,45,TRB-USD,70880691.0,90
2024-03-01,46,ENS-USD,70093345.5,90
2024-03-01,47,AXS-USD,69256696.5,90
2024-03-01,48,ZEC-USD,67610733.5,90
2024-03-01,49,FLOW-USD,67306373.0,90
2024-03-01,50,LUNC-USD,66028338.0,90
2024-04-01,1,BTC-USD,28402737159.0,90
2024-04-01,2,ETH-USD,13877029411.5,90
2024-04-01,3,SOL-USD,2739253700.5,90
2024-04-01,4,XRP-USD,1333287892.5,90
2024-04-01,5,BNB-USD,1325454434.0,90
2024-04-01,6,AVAX-USD,657500799.0,90
2024-04-01,7,DOGE-USD,617061860.5,90
2024-04-01,8,LINK-USD,566626433.0,90
2024-04-01,9,ADA-USD,560487365.5,90
2024-04-01,10,LTC-USD,411505771.0,90
2024-04-01,11,FIL-USD,330136618.0,90
2024-04-01,12,BCH-USD,327650829.0,90
2024-04-01,13,TRX-USD,305204532.0,90
2024-04-01,14,ETC-USD,283431248.0,90
2024-04-01,15,OP-USD,273907919.5,90
2024-04-01,16,DOT-USD,273410844.5,90
2024-04-01,17,NEAR-USD,266838234.0,90
2024-04-01,18,RUNE-USD,263748259.5,90
2024-04-01,19,WLD-USD,205129952.0,90
2024-04-01,20,STX4847-USD,191080135.5,90
2024-04-01,21,INJ-USD,190941808.5,90
2024-04-01,22,SHIB-USD,185659514.5,90
2024-04-01,23,RENDER-USD,181652789.5,90
2024-04-01,24,ICP-USD,177813458.0,90
2024-04-01,25,ATOM-USD,177137746.5,90
2024-04-01,26,FET-USD,147538252.5,90
2024-04-01,27,MASK8536-USD,134175437.0,90
2024-04-01,28,UNI7083-USD,134035400.0,90
2024-04-01,29,SAND-USD,132671224.5,90
2024-04-01,30,AAVE-USD,128657989.0,90
2024-04-01,31,EOS-USD,128242005.0,90
2024-04-01,32,GRT6719-USD,125940287.0,90
2024-04-01,33,CAKE-USD,112772191.5,90
2024-04-01,34,LDO-USD,107216646.0,90
2024-04-01,35,ENS-USD,105548072.5,90
2024-04-01,36,GALA-USD,101817856.5,90
2024-04-01,37,AGIX-USD,100398955.5,90
2024-04-01,38,MINA-USD,94406246.0,90
2024-04-01,39,BSV-USD,92376962.5,90
2024-04-01,40,CHZ-USD,90541968.0,90
2024-04-01,41,IMX10603-USD,88684906.5,90
2024-04-01,42,FLOW-USD,86873659.5,90
2024-04-01,43,XLM-USD,86537525.0,90
2024-04-01,44,MANA-USD,84048660.0,90
2024-04-01,45,ETHDYDX-USD,80141486.5,90
2024-04-01,46,MAGIC14783-USD,76373533.0,90
2024-04-01,47,HBAR-USD,75558690.0,90
2024-04-01,48,XMR-USD,74867887.0,90
2024-04-01,49,AXS-USD,73501757.5,90
2024-04-01,50,GMT18069-USD,72201208.0,90
2024-05-01,1,BTC-USD,34463772904.5,90
2024-05-01,2,ETH-USD,16876292356.5,90
2024-05-01,3,SOL-USD,2955522973.0,90
2024-05-01,4,DOGE-USD,2092417155.0,90
2024-05-01,5,BNB-USD,1733556732.0,90
2024-05-01,6,XRP-USD,1610192730.5,90
2024-05-01,7,SHIB-USD,744045503.5,90
2024-05-01,8,BCH-USD,592221020.5,90
2024-05-01,9,AVAX-USD,581969452.5,90
2024-05-01,10,ADA-USD,543518809.0,90
2024-05-01,11,LTC-USD,523644015.0,90
2024-05-01,12,LINK-USD,486275669.5,90
2024-05-01,13,NEAR-USD,448659635.5,90
2024-05-01,14,WLD-USD,364313505.0,90
2024-05-01,15,RUNE-USD,328254871.5,90
2024-05-01,16,TRX-USD,323299855.5,90
2024-05-01,17,FIL-USD,314887478.5,90
2024-05-01,18,FET-USD,292075771.0,90
2024-05-01,19,ETC-USD,280697482.0,90
2024-05-01,20,OP-USD,273076702.0,90
2024-05-01,21,DOT-USD,263771910.5,90
2024-05-01,22,FLOKI-USD,236525791.0,90
2024-05-01,23,RENDER-USD,223803588.0,90
2024-05-01,24,ATOM-USD,186123559.0,90
2024-05-01,25,STX4847-USD,182520696.5,90
2024-05-01,26,ICP-USD,179914113.5,90
2024-05-01,27,AGIX-USD,177897161.5,90
2024-05-01,28,GALA-USD,177431810.5,90
2024-05-01,29,INJ-USD,170234103.5,90
2024-05-01,30,UNI7083-USD,166567948.5,90
2024-05-01,31,EOS-USD,151686548.5,90
2024-05-01,32,TON11419-USD,149743351.0,90
2024-05-01,33,GRT6719-USD,141095915.5,90
2024-05-01,34,MXC-USD,138970565.0,90
2024-05-01,35,SAND-USD,126283611.0,90
2024-05-01,36,AAVE-USD,125561666.0,90
2024-05-01,37,CAKE-USD,115066893.0,90
2024-05-01,38,JASMY-USD,113189872.0,90
2024-05-01,39,MASK8536-USD,109951344.0,90
2024-05-01,40,XLM-USD,97206769.0,90
2024-05-01,41,LDO-USD,96648489.0,90
2024-05-01,42,VET-USD,90361193.5,90
2024-05-01,43,IMX10603-USD,87646966.5,90
2024-05-01,44,MKR-USD,87537770.0,90
2024-05-01,45,CHZ-USD,86108778.0,90
2024-05-01,46,AR-USD,85582541.5,90
2024-05-01,47,BSV-USD,84595668.5,90
2024-05-01,48,MANA-USD,81745467.0,90
2024-05-01,49,HBAR-USD,81419161.5,90
2024-05-01,50,FLOW-USD,80391722.5,90
2024-06-01,1,BTC-USD,32987292382.5,90
2024-06-01,2,ETH-USD,15537312500.5,90
2024-06-01,3,SOL-USD,3407471176.0,90
2024-06-01,4,DOGE-USD,2121115603.0,90
2024-06-01,5,BNB-USD,1748058215.5,90
2024-06-01,6,XRP-USD,1522404996.5,90
2024-06-01,7,SHIB-USD,869361686.5,90
2024-06-01,8,NEAR-USD,556493093.5,90
2024-06-01,9,BCH-USD,546107709.0,90
2024-06-01,10,AVAX-USD,499978229.0,90
2024-06-01,11,LTC-USD,499410347.0,90
2024-06-01,12,ADA-USD,454666535.0,90
2024-06-01,13,LINK-USD,417660735.5,90
2024-06-01,14,RUNE-USD,368134179.0,90
2024-06-01,15,FLOKI-USD,358737242.5,90
2024-06-01,16,WLD-USD,354423045.5,90
2024-06-01,17,TRX-USD,326520897.0,90
2024-06-01,18,OP-USD,312560707.5,90
2024-06-01,19,FET-USD,283528212.0,90
2024-06-01,20,ETC-USD,283431248.0,90
2024-06-01,21,RENDER-USD,269991927.0,90
2024-06-01,22,DOT-USD,242660796.5,90
2024-06-01,23,FIL-USD,235173982.0,90
2024-06-01,24,TON11419-USD,223658521.0,90
2024-06-01,25,MXC-USD,207546776.5,90
2024-06-01,26,UNI7083-USD,185540367.0,90
2024-06-01,27,GALA-USD,182072891.5,90
2024-06-01,28,ATOM-USD,171383306.0,90
2024-06-01,29,ICP-USD,168637144.5,90
2024-06-01,30,STX4847-USD,144893918.0,90
2024-06-01,31,EOS-USD,141049541.0,90
2024-06-01,32,AGIX-USD,134784091.0,90
2024-06-01,33,GRT6719-USD,121243145.0,90
2024-06-01,34,INJ-USD,115769419.0,90
2024-06-01,35,AR-USD,111349488.5,90
2024-06-01,36,SAND-USD,103379919.5,90
2024-06-01,37,LDO-USD,99850017.0,90
2024-06-01,38,AAVE-USD,98951616.0,90
2024-06-01,39,MKR-USD,94017767.0,90
2024-06-01,40,PENDLE-USD,92164380.0,90
2024-06-01,41,XLM-USD,89964692.0,90
2024-06-01,42,JASMY-USD,85183040.0,90
2024-06-01,43,CHZ-USD,82171200.0,90
2024-06-01,44,HBAR-USD,81419161.5,90
2024-06-01,45,APEX19843-USD,80306068.5,90
2024-06-01,46,YGG-USD,76469061.5,90
2024-06-01,47,VET-USD,70119403.5,90
2024-06-01,48,WAVES-USD,67737904.5,90
2024-06-01,49,IMX10603-USD,67722736.5,90
2024-06-01,50,POLYX-USD,67475735.0,90
2024-07-01,1,BTC-USD,28108775418.5,90
2024-07-01,2,ETH-USD,14038484624.5,90
2024-07-01,3,SOL-USD,2700261615.5,90
2024-07-01,4,BNB-USD,1627383867.5,90
2024-07-01,5,DOGE-USD,1273411677.0,90
2024-07-01,6,XRP-USD,1142346052.5,90
2024-07-01,7,SHIB-USD,578162864.0,90
2024-07-01,8,NEAR-USD,435256111.0,90
2024-07-01,9,AVAX-USD,377000482.0,90
2024-07-01,10,LTC-USD,360365087.5,90
2024-07-01,11,ADA-USD,352785851.0,90
2024-07-01,12,LINK-USD,338043541.5,90
2024-07-01,13,BCH-USD,327667937.0,90
2024-07-01,14,TRX-USD,289629283.0,90
2024-07-01,15,TON11419-USD,275760855.5,90
2024-07-01,16,RUNE-USD,262279688.0,90
2024-07-01,17,FLOKI-USD,259424180.0,90
2024-07-01,18,WLD-USD,257159744.0,90
2024-07-01,19,OP-USD,245601209.0,90
2024-07-01,20,FET-USD,211186840.0,90
2024-07-01,21,RENDER-USD,209097043.0,90
2024-07-01,22,ETC-USD,205169299.5,90
2024-07-01,23,DOT-USD,194357331.0,90
2024-07-01,24,FIL-USD,175456216.0,90
2024-07-01,25,UNI7083-USD,165183836.0,90
2024-07-01,26,GALA-USD,132673432.0,90
2024-07-01,27,ATOM-USD,130707077.0,90
2024-07-01,28,STX4847-USD,122121118.5,90
2024-07-01,29,EOS-USD,120200782.5,90
2024-07-01,30,PEOPLE-USD,115632063.0,90
2024-07-01,31,LDO-USD,112060637.0,90
2024-07-01,32,ICP-USD,107461265.5,90
2024-07-01,33,MXC-USD,106020983.5,90
2024-07-01,34,INJ-USD,103646713.5,90
2024-07-01,35,AGIX-USD,100568768.0,90
2024-07-01,36,GRT6719-USD,97701146.5,90
2024-07-01,37,AR-USD,93978977.5,90
2024-07-01,38,JASMY-USD,91691188.5,90
2024-07-01,39,AAVE-USD,89484995.5,90
2024-07-01,40,PENDLE-USD,82874327.0,90
2024-07-01,41,SAND-USD,80216584.0,90
2024-07-01,42,MKR-USD,79033987.5,90
2024-07-01,43,CHZ-USD,77322727.5,90
2024-07-01,44,APEX19843-USD,66216372.0,90
2024-07-01,45,HBAR-USD,63448398.5,90
2024-07-01,46,YGG-USD,62428319.0,90
2024-07-01,47,XLM-USD,61573137.0,90
2024-07-01,48,ENS-USD,60774572.0,90
2024-07-01,49,IMX10603-USD,57489702.0,90
2024-07-01,50,TRB-USD,56563175.5,90
2024-08-01,1,BTC-USD,27437413544.0,90
2024-08-01,2,ETH-USD,14265946198.5,90
2024-08-01,3,SOL-USD,2475625947.0,90
2024-08-01,4,BNB-USD,1688674171.5,90
2024-08-01,5,XRP-USD,1132438512.5,90
2024-08-01,6,DOGE-USD,862467826.0,90
2024-08-01,7,SHIB-USD,397686733.0,90
2024-08-01,8,AVAX-USD,339552548.5,90
2024-08-01,9,ADA-USD,325969248.0,90
2024-08-01,10,LTC-USD,309863655.0,90
2024-08-01,11,NEAR-USD,301131391.0,90
2024-08-01,12,LINK-USD,299635210.5,90
2024-08-01,13,BCH-USD,284075656.0,90
2024-08-01,14,TRX-USD,283557247.0,90
2024-08-01,15,FLOKI-USD,271316045.0,90
2024-08-01,16,TON11419-USD,255406798.0,90
2024-08-01,17,WLD-USD,222481459.5,90
2024-08-01,18,OP-USD,210517344.5,90
2024-08-01,19,RUNE-USD,195485862.5,90
2024-08-01,20,RENDER-USD,181917926.5,90
2024-08-01,21,PEOPLE-USD,179508921.0,90
2024-08-01,22,DOT-USD,176985488.5,90
2024-08-01,23,ETC-USD,171321174.0,90
2024-08-01,24,FET-USD,164092509.0,90
2024-08-01,25,SUI20947-USD,145344709.5,90
2024-08-01,26,UNI7083-USD,142748360.5,90
2024-08-01,27,FIL-USD,141593038.5,90
2024-08-01,28,LDO-USD,128800302.5,90
2024-08-01,29,ENS-USD,127956358.0,90
2024-08-01,30,ATOM-USD,114659927.0,90
2024-08-01,31,JASMY-USD,111869484.0,90
2024-08-01,32,EOS-USD,103140238.0,90
2024-08-01,33,INJ-USD,101291326.0,90
2024-08-01,34,GALA-USD,99506695.5,90
2024-08-01,35,STX4847-USD,96738902.5,90
2024-08-01,36,AAVE-USD,95825383.0,90
2024-08-01,37,ICP-USD,89195962.0,90
2024-08-01,38,AR-USD,80629015.0,90
2024-08-01,39,GRT6719-USD,78143276.0,90
2024-08-01,40,CRV-USD,73651543.0,90
2024-08-01,41,MKR-USD,72803619.5,90
2024-08-01,42,APEX19843-USD,71804857.5,90
2024-08-01,43,SAND-USD,66895640.5,90
2024-08-01,44,AGIX-USD,65511854.0,90
2024-08-01,45,PENDLE-USD,65408489.5,90
2024-08-01,46,CHZ-USD,63958574.5,90
2024-08-01,47,TRB-USD,60436709.5,90
2024-08-01,48,XLM-USD,57626774.0,90
2024-08-01,49,XMR-USD,57489927.0,90
2024-08-01,50,IMX10603-USD,54591014.5,90
2024-09-01,1,BTC-USD,29553820179.0,90
2024-09-01,2,ETH-USD,15214164526.5,90
2024-09-01,3,SOL-USD,2408836274.5,90
2024-09-01,4,BNB-USD,1789494902.0,90
2024-09-01,5,XRP-USD,1198502549.5,90
2024-09-01,6,DOGE-USD,702584901.0,90
2024-09-01,7,TRX-USD,311295243.5,90
2024-09-01,8,ADA-USD,308391008.0,90
2024-09-01,9,AVAX-USD,296754025.0,90
2024-09-01,10,LTC-USD,294710029.5,90
2024-09-01,11,TON11419-USD,293474059.0,90
2024-09-01,12,LINK-USD,271219356.0,90
2024-09-01,13,BCH-USD,264454710.0,90
2024-09-01,14,SHIB-USD,264132497.5,90
2024-09-01,15,FLOKI-USD,235820860.0,90
2024-09-01,16,NEAR-USD,233768311.5,90
2024-09-01,17,OP-USD,177406326.5,90
2024-09-01,18,RUNE-USD,175456833.5,90
2024-09-01,19,WLD-USD,162678636.5,90
2024-09-01,20,SUI20947-USD,159227423.5,90
2024-09-01,21,DOT-USD,154355380.5,90
2024-09-01,22,PEOPLE-USD,134311484.5,90
2024-09-01,23,FET-USD,131337014.0,90
2024-09-01,24,UNI7083-USD,131270625.5,90
2024-09-01,25,ETC-USD,130408469.5,90
2024-09-01,26,FIL-USD,120592884.0,90
2024-09-01,27,AAVE-USD,119476163.0,90
2024-09-01,28,LDO-USD,117136410.5,90
2024-09-01,29,JASMY-USD,111593240.0,90
2024-09-01,30,ENS-USD,110305465.0,90
2024-09-01,31,ATOM-USD,106534518.0,90
2024-09-01,32,INJ-USD,106459055.5,90
2024-09-01,33,RENDER-USD,101766969.5,90
2024-09-01,34,CRV-USD,91612383.0,90
2024-09-01,35,STX4847-USD,89885975.0,90
2024-09-01,36,EOS-USD,86466008.0,90
2024-09-01,37,MKR-USD,78585862.0,90
2024-09-01,38,GALA-USD,75193649.5,90
2024-09-01,39,KAS-USD,74886366.5,90
2024-09-01,40,ICP-USD,74205217.0,90
2024-09-01,41,ZEC-USD,69908292.5,90
2024-09-01,42,APEX19843-USD,67965096.0,90
2024-09-01,43,XMR-USD,66550421.0,90
2024-09-01,44,PENDLE-USD,59155943.5,90
2024-09-01,45,SAND-USD,58062298.0,90
2024-09-01,46,XLM-USD,56735512.0,90
2024-09-01,47,AR-USD,56046784.5,90
2024-09-01,48,GRT6719-USD,52245227.5,90
2024-09-01,49,IMX10603-USD,48074260.0,90
2024-09-01,50,NAKA-USD,47431350.5,90
2024-10-01,1,BTC-USD,31390388767.0,90
2024-10-01,2,ETH-USD,15355982415.0,90
2024-10-01,3,SOL-USD,2415282319.5,90
2024-10-01,4,BNB-USD,1742166134.0,90
2024-10-01,5,XRP-USD,1218776954.5,90
2024-10-01,6,DOGE-USD,650475896.0,90
2024-10-01,7,TRX-USD,313887052.0,90
2024-10-01,8,AVAX-USD,281138554.5,90
2024-10-01,9,ADA-USD,279342161.0,90
2024-10-01,10,TON11419-USD,271001895.5,90
2024-10-01,11,LTC-USD,269371703.0,90
2024-10-01,12,LINK-USD,245158310.5,90
2024-10-01,13,SHIB-USD,227943702.0,90
2024-10-01,14,BCH-USD,221794591.5,90
2024-10-01,15,SUI20947-USD,221634525.5,90
2024-10-01,16,NEAR-USD,221554112.5,90
2024-10-01,17,FLOKI-USD,183814145.0,90
2024-10-01,18,AAVE-USD,167060572.5,90
2024-10-01,19,RUNE-USD,156982469.5,90
2024-10-01,20,OP-USD,150611504.0,90
2024-10-01,21,FET-USD,147692391.5,90
2024-10-01,22,WLD-USD,138794416.5,90
2024-10-01,23,DOT-USD,129006186.0,90
2024-10-01,24,PEOPLE-USD,117930159.0,90
2024-10-01,25,ETC-USD,116799346.5,90
2024-10-01,26,UNI7083-USD,115749003.5,90
2024-10-01,27,FIL-USD,107561966.5,90
2024-10-01,28,ATOM-USD,106534518.0,90
2024-10-01,29,INJ-USD,94983978.5,90
2024-10-01,30,CRV-USD,84418836.0,90
2024-10-01,31,ENS-USD,82927249.0,90
2024-10-01,32,LDO-USD,82583930.0,90
2024-10-01,33,RENDER-USD,81217302.5,90
2024-10-01,34,ICP-USD,77750310.0,90
2024-10-01,35,STX4847-USD,77634944.5,90
2024-10-01,36,JASMY-USD,77431543.5,90
2024-10-01,37,EOS-USD,74978173.0,90
2024-10-01,38,MKR-USD,71706089.5,90
2024-10-01,39,ZEC-USD,69908292.5,90
2024-10-01,40,GALA-USD,68793738.5,90
2024-10-01,41,XMR-USD,64534421.0,90
2024-10-01,42,KAS-USD,61702118.0,90
2024-10-01,43,PENDLE-USD,57442052.5,90
2024-10-01,44,XLM-USD,54815530.0,90
2024-10-01,45,APEX19843-USD,48173262.5,90
2024-10-01,46,NAKA-USD,47576267.0,90
2024-10-01,47,AR-USD,46995137.0,90
2024-10-01,48,SAND-USD,46821996.0,90
2024-10-01,49,YGG-USD,45259758.0,90
2024-10-01,50,GRT6719-USD,44913532.0,90
2024-11-01,1,BTC-USD,31755973904.0,90
2024-11-01,2,ETH-USD,15355982415.0,90
2024-11-01,3,SOL-USD,2387163642.0,90
2024-11-01,4,BNB-USD,1707775444.0,90
2024-11-01,5,XRP-USD,1111702885.0,90
2024-11-01,6,DOGE-USD,668931093.0,90
2024-11-01,7,SUI20947-USD,469226956.5,90
2024-11-01,8,TRX-USD,317080149.0,90
2024-11-01,9,LTC-USD,273915291.0,90
2024-11-01,10,AVAX-USD,272620728.0,90
2024-11-01,11,ADA-USD,259686010.0,90
2024-11-01,12,TON11419-USD,250885827.0,90
2024-11-01,13,SHIB-USD,242258558.5,90
2024-11-01,14,LINK-USD,229042959.5,90
2024-11-01,15,NEAR-USD,220679563.5,90
2024-11-01,16,BCH-USD,209428390.0,90
2024-11-01,17,AAVE-USD,190883650.5,90
2024-11-01,18,FLOKI-USD,174567923.0,90
2024-11-01,19,FET-USD,171324955.5,90
2024-11-01,20,RUNE-USD,152915166.0,90
2024-11-01,21,APT21794-USD,151709254.0,90
2024-11-01,22,RENDER-USD,149274047.0,90
2024-11-01,23,WLD-USD,139606316.5,90
2024-11-01,24,OP-USD,137692503.5,90
2024-11-01,25,UNI7083-USD,119590193.0,90
2024-11-01,26,PEOPLE-USD,116829087.5,90
2024-11-01,27,DOT-USD,116605767.5,90
2024-11-01,28,FIL-USD,99885821.0,90
2024-11-01,29,ETC-USD,98644637.0,90
2024-11-01,30,ATOM-USD,96545389.0,90
2024-11-01,31,INJ-USD,87187719.5,90
2024-11-01,32,CRV-USD,82556711.0,90
2024-11-01,33,STX4847-USD,74260147.0,90
2024-11-01,34,GALA-USD,69676079.0,90
2024-11-01,35,ZEC-USD,69237293.0,90
2024-11-01,36,PENDLE-USD,66771836.5,90
2024-11-01,37,LDO-USD,65709596.5,90
2024-11-01,38,ICP-USD,65271252.0,90
2024-11-01,39,EOS-USD,62273632.0,90
2024-11-01,40,JASMY-USD,62014723.5,90
2024-11-01,41,MKR-USD,59888011.5,90
2024-11-01,42,XMR-USD,57135433.0,90
2024-11-01,43,ENS-USD,56630095.5,90
2024-11-01,44,KAS-USD,56063881.0,90
2024-11-01,45,XLM-USD,48686750.5,90
2024-11-01,46,APE18876-USD,48036908.5,90
2024-11-01,47,GRT6719-USD,45442525.5,90
2024-11-01,48,SAND-USD,43020956.0,90
2024-11-01,49,HBAR-USD,41213324.0,90
2024-11-01,50,SUN-USD,40426377.0,90
2024-12-01,1,BTC-USD,36481806146.5,90
2024-12-01,2,ETH-USD,17375039005.5,90
2024-12-01,3,SOL-USD,2790714736.5,90
2024-12-01,4,BNB-USD,1807913811.0,90
2024-12-01,5,DOGE-USD,1358510142.5,90
2024-12-01,6,XRP-USD,1202499084.0,90
2024-12-01,7,SUI20947-USD,801654601.0,90
2024-12-01,8,SHIB-USD,409774126.5,90
2024-12-01,9,TRX-USD,325232373.0,90
2024-12-01,10,AVAX-USD,306772473.0,90
2024-12-01,11,LTC-USD,301650101.5,90
2024-12-01,12,ADA-USD,283533424.0,90
2024-12-01,13,LINK-USD,266517505.5,90
2024-12-01,14,NEAR-USD,264561881.0,90
2024-12-01,15,AAVE-USD,250644729.0,90
2024-12-01,16,BCH-USD,242723492.0,90
2024-12-01,17,TON11419-USD,240647984.0,90
2024-12-01,18,RENDER-USD,235536482.5,90
2024-12-01,19,APT21794-USD,224601512.5,90
2024-12-01,20,WLD-USD,220489918.5,90
2024-12-01,21,FET-USD,211050513.0,90
2024-12-01,22,RUNE-USD,192790804.0,90
2024-12-01,23,FLOKI-USD,189512863.5,90
2024-12-01,24,UNI7083-USD,165941321.0,90
2024-12-01,25,OP-USD,152486080.5,90
2024-12-01,26,DOT-USD,140118437.5,90
2024-12-01,27,PEOPLE-USD,131788309.0,90
2024-12-01,28,ATOM-USD,119912516.5,90
2024-12-01,29,FTN-USD,118446165.0,90
2024-12-01,30,ETC-USD,111440066.5,90
2024-12-01,31,FIL-USD,108469735.0,90
2024-12-01,32,INJ-USD,97257003.5,90
2024-12-01,33,APE18876-USD,87425521.5,90
2024-12-01,34,STX4847-USD,86069806.5,90
2024-12-01,35,GALA-USD,81874378.0,90
2024-12-01,36,ICP-USD,81612649.0,90
2024-12-01,37,CRV-USD,81373879.5,90
2024-12-01,38,MKR-USD,80647611.0,90
2024-12-01,39,PENDLE-USD,79172146.0,90
2024-12-01,40,LDO-USD,72844621.0,90
2024-12-01,41,ZEC-USD,69390574.5,90
2024-12-01,42,ENS-USD,64831249.5,90
2024-12-01,43,EOS-USD,63270944.0,90
2024-12-01,44,JASMY-USD,62014723.5,90
2024-12-01,45,ZETA-USD,61953570.5,90
2024-12-01,46,KAS-USD,60758873.5,90
2024-12-01,47,GRT6719-USD,58813881.0,90
2024-12-01,48,CHZ-USD,57922344.5,90
2024-12-01,49,XMR-USD,57597544.0,90
2024-12-01,50,XLM-USD,51407405.5,90
2025-01-01,1,BTC-USD,46702570089.0,90
2025-01-01,2,ETH-USD,25860137915.0,90
2025-01-01,3,XRP-USD,5446883703.0,90
2025-01-01,4,SOL-USD,3890621724.0,90
2025-01-01,5,DOGE-USD,3853386490.0,90
2025-01-01,6,BNB-USD,2002825393.5,90
2025-01-01,7,SUI20947-USD,1311703340.0,90
2025-01-01,8,ADA-USD,1000719808.5,90
2025-01-01,9,TRX-USD,722444234.0,90
2025-01-01,10,SHIB-USD,670528330.0,90
2025-01-01,11,LINK-USD,643515652.0,90
2025-01-01,12,LTC-USD,629674880.5,90
2025-01-01,13,AVAX-USD,603189625.5,90
2025-01-01,14,HBAR-USD,502964083.5,90
2025-01-01,15,BCH-USD,433586363.5,90
2025-01-01,16,NEAR-USD,431427679.0,90
2025-01-01,17,RENDER-USD,414472124.0,90
2025-01-01,18,UNI7083-USD,386526857.5,90
2025-01-01,19,APT21794-USD,383397569.5,90
2025-01-01,20,WLD-USD,368301323.5,90
2025-01-01,21,AAVE-USD,365378356.5,90
2025-01-01,22,DOT-USD,355870465.0,90
2025-01-01,23,BONK-USD,351479337.5,90
2025-01-01,24,XLM-USD,333463565.5,90
2025-01-01,25,OP-USD,301586477.0,90
2025-01-01,26,FLOKI-USD,299545629.5,90
2025-01-01,27,FET-USD,271963109.5,90
2025-01-01,28,RUNE-USD,268491661.5,90
2025-01-01,29,FIL-USD,261064769.5,90
2025-01-01,30,TON11419-USD,250893133.0,90
2025-01-01,31,ETC-USD,239989236.5,90
2025-01-01,32,CRV-USD,214997320.0,90
2025-01-01,33,ATOM-USD,203173187.5,90
2025-01-01,34,ENS-USD,203052918.0,90
2025-01-01,35,GALA-USD,194022470.5,90
2025-01-01,36,APE18876-USD,182700380.0,90
2025-01-01,37,ICP-USD,179701530.0,90
2025-01-01,38,ALGO-USD,177898706.5,90
2025-01-01,39,STX4847-USD,166753429.0,90
2025-01-01,40,LDO-USD,166678069.0,90
2025-01-01,41,EOS-USD,157597717.0,90
2025-01-01,42,SAND-USD,154434431.5,90
2025-01-01,43,PEOPLE-USD,151361396.0,90
2025-01-01,44,JASMY-USD,138029648.5,90
2025-01-01,45,INJ-USD,136208802.0,90
2025-01-01,46,KAS-USD,134717826.5,90
2025-01-01,47,CHZ-USD,122305413.5,90
2025-01-01,48,MKR-USD,110980662.0,90
2025-01-01,49,MASK8536-USD,110791890.5,90
2025-01-01,50,ZEC-USD,109046246.5,90
2025-02-01,1,BTC-USD,55682430847.0,90
2025-02-01,2,ETH-USD,29975875167.0,90
2025-02-01,3,XRP-USD,8957864430.5,90
2025-02-01,4,SOL-USD,5088225014.0,90
2025-02-01,5,DOGE-USD,4638397726.5,90
2025-02-01,6,BNB-USD,2121678864.5,90
2025-02-01,7,SUI20947-USD,1596713535.0,90
2025-02-01,8,ADA-USD,1557144707.5,90
2025-02-01,9,TRX-USD,922783991.5,90
2025-02-01,10,LINK-USD,881496023.5,90
2025-02-01,11,LTC-USD,859183169.0,90
2025-02-01,12,HBAR-USD,798742571.0,90
2025-02-01,13,SHIB-USD,776539811.0,90
2025-02-01,14,XLM-USD,726718100.5,90
2025-02-01,15,AVAX-USD,676523763.5,90
2025-02-01,16,RENDER-USD,578090329.0,90
2025-02-01,17,AAVE-USD,553919403.5,90
2025-02-01,18,NEAR-USD,485262017.5,90
2025-02-01,19,DOT-USD,483670724.0,90
2025-02-01,20,BCH-USD,445402277.5,90
2025-02-01,21,UNI7083-USD,433956834.5,90
2025-02-01,22,WLD-USD,425163135.0,90
2025-02-01,23,BONK-USD,414298449.0,90
2025-02-01,24,APT21794-USD,374777101.5,90
2025-02-01,25,FIL-USD,350728120.5,90
2025-02-01,26,FLOKI-USD,338816703.0,90
2025-02-01,27,ALGO-USD,338653637.0,90
2025-02-01,28,OP-USD,326035394.0,90
2025-02-01,29,FET-USD,316275938.0,90
2025-02-01,30,RUNE-USD,315959705.5,90
2025-02-01,31,ETC-USD,310616685.5,90
2025-02-01,32,CRV-USD,310495018.5,90
2025-02-01,33,SAND-USD,265776153.5,90
2025-02-01,34,TON11419-USD,262302036.5,90
2025-02-01,35,GALA-USD,254989460.0,90
2025-02-01,36,ATOM-USD,237658202.0,90
2025-02-01,37,EOS-USD,222651920.5,90
2025-02-01,38,ENS-USD,221970730.5,90
2025-02-01,39,LDO-USD,213796536.0,90
2025-02-01,40,BGB-USD,206295263.5,90
2025-02-01,41,ICP-USD,205003499.5,90
2025-02-01,42,JASMY-USD,190477729.0,90
2025-02-01,43,INJ-USD,184432420.0,90
2025-02-01,44,STX4847-USD,164522753.0,90
2025-02-01,45,APE18876-USD,161719033.5,90
2025-02-01,46,KAS-USD,147444871.5,90
2025-02-01,47,MKR-USD,125893411.0,90
2025-02-01,48,CHZ-USD,121614778.0,90
2025-02-01,49,MANA-USD,115748581.5,90
2025-02-01,50,PEOPLE-USD,115520324.0,90
2025-03-01,1,BTC-USD,50795784931.5,90
2025-03-01,2,ETH-USD,26449680832.5,90
2025-03-01,3,XRP-USD,7770437388.5,90
2025-03-01,4,SOL-USD,4260583247.0,90
2025-03-01,5,DOGE-USD,3016550370.0,90
2025-03-01,6,BNB-USD,1951922659.5,90
2025-03-01,7,SUI20947-USD,1432110248.0,90
2025-03-01,8,ADA-USD,1175891640.5,90
2025-03-01,9,LTC-USD,1043473368.0,90
2025-03-01,10,TRX-USD,869787575.0,90
2025-03-01,11,LINK-USD,758279834.0,90
2025-03-01,12,HBAR-USD,684704256.0,90
2025-03-01,13,AAVE-USD,548161170.5,90
2025-03-01,14,XLM-USD,542807304.5,90
2025-03-01,15,SHIB-USD,510460947.0,90
2025-03-01,16,AVAX-USD,508862787.0,90
2025-03-01,17,UNI7083-USD,346813469.0,90
2025-03-01,18,BGB-USD,336616182.0,90
2025-03-01,19,BCH-USD,336058332.5,90
2025-03-01,20,DOT-USD,332608674.5,90
2025-03-01,21,RENDER-USD,313266032.0,90
2025-03-01,22,APT21794-USD,312298205.0,90
2025-03-01,23,WLD-USD,306613313.0,90
2025-03-01,24,RUNE-USD,299496435.0,90
2025-03-01,25,CRV-USD,298203502.0,90
2025-03-01,26,NEAR-USD,295079378.5,90
2025-03-01,27,FLOKI-USD,260058477.0,90
2025-03-01,28,BONK-USD,256128581.5,90
2025-03-01,29,FIL-USD,249154880.5,90
2025-03-01,30,OP-USD,248676539.0,90
2025-03-01,31,ALGO-USD,244394233.5,90
2025-03-01,32,FET-USD,229576671.0,90
2025-03-01,33,ETC-USD,216876133.0,90
2025-03-01,34,LDO-USD,210990616.0,90
2025-03-01,35,SAND-USD,201788793.0,90
2025-03-01,36,TON11419-USD,198275886.5,90
2025-03-01,37,GALA-USD,195132417.0,90
2025-03-01,38,ATOM-USD,181603972.0,90
2025-03-01,39,ICP-USD,174274368.5,90
2025-03-01,40,ENS-USD,173746297.5,90
2025-03-01,41,EOS-USD,172851846.0,90
2025-03-01,42,JASMY-USD,143551214.5,90
2025-03-01,43,INJ-USD,136754510.5,90
2025-03-01,44,OM-USD,135165931.0,90
2025-03-01,45,MKR-USD,121003925.5,90
2025-03-01,46,CAKE-USD,116065619.0,90
2025-03-01,47,KAS-USD,113480041.0,90
2025-03-01,48,STX4847-USD,111588879.5,90
2025-03-01,49,RAY-USD,111575141.0,90
2025-03-01,50,ZEC-USD,107678644.0,90
2025-04-01,1,BTC-USD,40216223422.5,90
2025-04-01,2,ETH-USD,21516924873.5,90
2025-04-01,3,XRP-USD,5688278613.0,90
2025-04-01,4,SOL-USD,3989880660.0,90
2025-04-01,5,BNB-USD,1873603495.0,90
2025-04-01,6,DOGE-USD,1798434695.5,90
2025-04-01,7,SUI20947-USD,1098248357.5,90
2025-04-01,8,ADA-USD,966970427.0,90
2025-04-01,9,LTC-USD,789656505.0,90
2025-04-01,10,TRX-USD,644856226.0,90
2025-04-01,11,LINK-USD,598732588.5,90
2025-04-01,12,HBAR-USD,411205439.5,90
2025-04-01,13,AVAX-USD,378114374.0,90
2025-04-01,14,AAVE-USD,373908928.5,90
2025-04-01,15,XLM-USD,325211029.0,90
2025-04-01,16,SHIB-USD,311524927.0,90
2025-04-01,17,BGB-USD,290140355.5,90
2025-04-01,18,BCH-USD,284433817.5,90
2025-04-01,19,APT21794-USD,233202539.5,90
2025-04-01,20,ARB11841-USD,228707680.0,90
2025-04-01,21,UNI7083-USD,223909116.5,90
2025-04-01,22,RUNE-USD,215188907.0,90
2025-04-01,23,DOT-USD,214662956.0,90
2025-04-01,24,WLD-USD,214267534.5,90
2025-04-01,25,NEAR-USD,209591039.5,90
2025-04-01,26,OP-USD,181076197.5,90
2025-04-01,27,TON11419-USD,175487471.5,90
2025-04-01,28,TAO22974-USD,165425701.0,90
2025-04-01,29,FIL-USD,161023811.5,90
2025-04-01,30,ETC-USD,159020418.0,90
2025-04-01,31,LDO-USD,157577361.5,90
2025-04-01,32,FLOKI-USD,157040209.0,90
2025-04-01,33,CRV-USD,154938163.0,90
2025-04-01,34,ATOM-USD,153468110.5,90
2025-04-01,35,FET-USD,148690640.5,90
2025-04-01,36,BONK-USD,142370640.5,90
2025-04-01,37,ALGO-USD,141457557.5,90
2025-04-01,38,OM-USD,129289650.0,90
2025-04-01,39,EOS-USD,120898868.5,90
2025-04-01,40,MKR-USD,120266644.5,90
2025-04-01,41,INJ-USD,115072259.5,90
2025-04-01,42,GALA-USD,106458314.5,90
2025-04-01,43,SAND-USD,104936318.5,90
2025-04-01,44,RAY-USD,101439502.0,90
2025-04-01,45,ICP-USD,101268015.5,90
2025-04-01,46,CAKE-USD,97941237.0,90
2025-04-01,47,ENS-USD,93383907.5,90
2025-04-01,48,RENDER-USD,92488904.0,90
2025-04-01,49,XCN18679-USD,87211878.5,90
2025-04-01,50,ZEC-USD,73711126.5,90
2025-05-01,1,BTC-USD,32530718423.0,90
2025-05-01,2,ETH-USD,17259331177.5,90
2025-05-01,3,XRP-USD,4513458437.0,90
2025-05-01,4,SOL-USD,3819076543.5,90
2025-05-01,5,BNB-USD,1732941685.0,90
2025-05-01,6,DOGE-USD,1369642635.0,90
2025-05-01,7,SUI20947-USD,1011461819.5,90
2025-05-01,8,ADA-USD,842542496.5,90
2025-05-01,9,PEPE24478-USD,702066170.0,90
2025-05-01,10,LTC-USD,599008192.0,90
2025-05-01,11,TRX-USD,590031024.0,90
2025-05-01,12,LINK-USD,399775284.0,90
2025-05-01,13,AVAX-USD,332235949.5,90
2025-05-01,14,HBAR-USD,268555673.0,90
2025-05-01,15,BCH-USD,266584849.5,90
2025-05-01,16,AAVE-USD,265832634.5,90
2025-05-01,17,SHIB-USD,225011602.0,90
2025-05-01,18,XLM-USD,223189497.0,90
2025-05-01,19,DOT-USD,193599326.0,90
2025-05-01,20,BGB-USD,188675940.5,90
2025-05-01,21,NEAR-USD,186933117.0,90
2025-05-01,22,OM-USD,181117463.5,90
2025-05-01,23,TON11419-USD,161232307.0,90
2025-05-01,24,UNI7083-USD,159927180.5,90
2025-05-01,25,WLD-USD,155031563.5,90
2025-05-01,26,RUNE-USD,153515053.5,90
2025-05-01,27,APT21794-USD,152437654.5,90
2025-05-01,28,ARB11841-USD,148536053.0,90
2025-05-01,29,CRV-USD,141495824.0,90
2025-05-01,30,OP-USD,140064272.5,90
2025-05-01,31,TAO22974-USD,132224664.0,90
2025-05-01,32,ATOM-USD,131686528.5,90
2025-05-01,33,FIL-USD,128860390.0,90
2025-05-01,34,FET-USD,123737106.5,90
2025-05-01,35,EOS-USD,123221086.5,90
2025-05-01,36,BONK-USD,116971622.5,90
2025-05-01,37,ETC-USD,111580100.5,90
2025-05-01,38,FLOKI-USD,104428107.0,90
2025-05-01,39,ALGO-USD,98504083.5,90
2025-05-01,40,CAKE-USD,97941237.0,90
2025-05-01,41,MKR-USD,96360880.5,90
2025-05-01,42,INJ-USD,95951879.0,90
2025-05-01,43,LDO-USD,93340776.0,90
2025-05-01,44,RAY-USD,87054680.5,90
2025-05-01,45,RENDER-USD,84305089.0,90
2025-05-01,46,XCN18679-USD,81956533.5,90
2025-05-01,47,KAS-USD,77974581.5,90
2025-05-01,48,ICP-USD,74627374.0,90
2025-05-01,49,SAND-USD,71826523.5,90
2025-05-01,50,GALA-USD,68925711.5,90
2025-06-01,1,BTC-USD,36405289929.0,90
2025-06-01,2,ETH-USD,16277469683.5,90
2025-06-01,3,XRP-USD,3756229565.0,90
2025-06-01,4,SOL-USD,3661211080.0,90
2025-06-01,5,BNB-USD,1594742734.0,90
2025-06-01,6,DOGE-USD,1375976028.0,90
2025-06-01,7,SUI20947-USD,1082886420.0,90
2025-06-01,8,ADA-USD,844920800.0,90
2025-06-01,9,PEPE24478-USD,721909158.0,90
2025-06-01,10,TRX-USD,595459416.0,90
2025-06-01,11,LTC-USD,492869727.5,90
2025-06-01,12,LINK-USD,375516822.0,90
2025-06-01,13,AVAX-USD,332495781.0,90
2025-06-01,14,BCH-USD,272495314.5,90
2025-06-01,15,AAVE-USD,269689683.0,90
2025-06-01,16,HBAR-USD,222976795.0,90
2025-06-01,17,SHIB-USD,206692697.0,90
2025-06-01,18,XLM-USD,192950430.0,90
2025-06-01,19,NEAR-USD,185951401.5,90
2025-06-01,20,DOT-USD,185023088.0,90
2025-06-01,21,TON11419-USD,169088929.5,90
2025-06-01,22,WLD-USD,165210280.5,90
2025-06-01,23,BONK-USD,151615659.0,90
2025-06-01,24,CRV-USD,145293520.5,90
2025-06-01,25,UNI7083-USD,144995553.5,90
2025-06-01,26,ARB11841-USD,142890643.0,90
2025-06-01,27,EOS-USD,138485232.0,90
2025-06-01,28,OP-USD,136568015.0,90
2025-06-01,29,APT21794-USD,134329171.0,90
2025-06-01,30,OM-USD,128968935.5,90
2025-06-01,31,RUNE-USD,128860401.0,90
2025-06-01,32,FET-USD,125602788.5,90
2025-06-01,33,BGB-USD,124582792.5,90
2025-06-01,34,FIL-USD,122063805.0,90
2025-06-01,35,ATOM-USD,119024400.0,90
2025-06-01,36,TAO22974-USD,118617764.0,90
2025-06-01,37,FLOKI-USD,100678303.0,90
2025-06-01,38,ETC-USD,99607901.5,90
2025-06-01,39,INJ-USD,93354368.0,90
2025-06-01,40,RENDER-USD,87445227.0,90
2025-06-01,41,KAS-USD,84983814.0,90
2025-06-01,42,CAKE-USD,84764902.5,90
2025-06-01,43,TIA-USD,81569394.0,89
2025-06-01,44,LDO-USD,80861058.0,90
2025-06-01,45,ALGO-USD,78631380.5,90
2025-06-01,46,XMR-USD,74372680.5,90
2025-06-01,47,RAY-USD,69875088.5,90
2025-06-01,48,ICP-USD,69611975.0,90
2025-06-01,49,ZEC-USD,69207014.0,90
2025-06-01,50,GALA-USD,67966161.5,90
2025-07-01,1,BTC-USD,44631428869.0,90
2025-07-01,2,ETH-USD,18295796452.0,90
2025-07-01,3,SOL-USD,3763423646.5,90
2025-07-01,4,XRP-USD,3032471544.5,90
2025-07-01,5,BNB-USD,1589608283.5,90
2025-07-01,6,DOGE-USD,1204122868.5,90
2025-07-01,7,SUI20947-USD,1050716907.0,90
2025-07-01,8,PEPE24478-USD,835955819.5,90
2025-07-01,9,ADA-USD,719653441.5,90
2025-07-01,10,TRX-USD,565115676.5,90
2025-07-01,11,LTC-USD,416351775.0,90
2025-07-01,12,LINK-USD,358320590.0,90
2025-07-01,13,AAVE-USD,352558597.5,90
2025-07-01,14,AVAX-USD,332495781.0,90
2025-07-01,15,BCH-USD,296466266.0,90
2025-07-01,16,UNI7083-USD,245584169.5,90
2025-07-01,17,BONK-USD,198604701.0,90
2025-07-01,18,WLD-USD,186801615.5,90
2025-07-01,19,DOT-USD,179373788.5,90
2025-07-01,20,XLM-USD,178028643.5,90
2025-07-01,21,SHIB-USD,174787463.0,90
2025-07-01,22,HBAR-USD,171270937.0,90
2025-07-01,23,ARB11841-USD,167305146.0,90
2025-07-01,24,NEAR-USD,166877915.0,90
2025-07-01,25,TON11419-USD,160632908.5,90
2025-07-01,26,OP-USD,158395899.0,90
2025-07-01,27,CRV-USD,150294098.5,90
2025-07-01,28,APT21794-USD,137171627.0,90
2025-07-01,29,TAO22974-USD,133709019.5,90
2025-07-01,30,FET-USD,132265169.5,90
2025-07-01,31,FIL-USD,127640800.5,90
2025-07-01,32,RUNE-USD,118175514.0,90
2025-07-01,33,EOS-USD,116574239.5,90
2025-07-01,34,ATOM-USD,106454188.0,90
2025-07-01,35,INJ-USD,105136258.0,90
2025-07-01,36,XMR-USD,95856496.5,90
2025-07-01,37,OM-USD,93313623.5,90
2025-07-01,38,FLOKI-USD,92393143.0,90
2025-07-01,39,LDO-USD,87130135.5,90
2025-07-01,40,ETC-USD,87071118.0,90
2025-07-01,41,TIA-USD,85865782.5,90
2025-07-01,42,RENDER-USD,84607020.0,90
2025-07-01,43,KAS-USD,83517421.0,90
2025-07-01,44,BGB-USD,81137456.5,90
2025-07-01,45,ALGO-USD,73498141.5,90
2025-07-01,46,CAKE-USD,72827795.0,90
2025-07-01,47,ZEC-USD,72663285.0,90
2025-07-01,48,MASK8536-USD,72422998.0,90
2025-07-01,49,PENDLE-USD,72369163.5,90
2025-07-01,50,GALA-USD,70204323.0,90
2025-08-01,1,BTC-USD,50387434392.5,90
2025-08-01,2,ETH-USD,24617345652.0,90
2025-08-01,3,SOL-USD,3913680538.0,90
2025-08-01,4,XRP-USD,3725925117.5,90
2025-08-01,5,BNB-USD,1705920752.5,90
2025-08-01,6,DOGE-USD,1499563503.5,90
2025-08-01,7,SUI20947-USD,1137021254.0,90
2025-08-01,8,PEPE24478-USD,1094625073.0,90
2025-08-01,9,ADA-USD,805632412.5,90
2025-08-01,10,TRX-USD,645268855.0,90
2025-08-01,11,KOGE-USD,585831253.0,90
2025-08-01,12,LTC-USD,482040669.0,90
2025-08-01,13,LINK-USD,456658113.0,90
2025-08-01,14,AAVE-USD,424774614.0,90
2025-08-01,15,UNI7083-USD,419224969.0,90
2025-08-01,16,AVAX-USD,402297474.5,90
2025-08-01,17,BCH-USD,389418033.0,90
2025-08-01,18,BONK-USD,314022289.0,90
2025-08-01,19,ARB11841-USD,248427338.5,90
2025-08-01,20,DOT-USD,215572453.5,90
2025-08-01,21,OP-USD,206139877.0,90
2025-08-01,22,XLM-USD,205338786.0,90
2025-08-01,23,SHIB-USD,204227569.5,90
2025-08-01,24,MNT27075-USD,202062773.0,90
2025-08-01,25,WLD-USD,201986073.0,90
2025-08-01,26,TON11419-USD,188408426.0,90
2025-08-01,27,NEAR-USD,184291784.0,90
2025-08-01,28,HBAR-USD,178701377.5,90
2025-08-01,29,APT21794-USD,156357786.5,90
2025-08-01,30,FIL-USD,155879534.0,90
2025-08-01,31,CRV-USD,148249470.0,90
2025-08-01,32,TAO22974-USD,143179117.5,90
2025-08-01,33,FET-USD,138303803.0,90
2025-08-01,34,INJ-USD,130578229.5,90
2025-08-01,35,RUNE-USD,123318248.0,90
2025-08-01,36,TIA-USD,112013757.5,90
2025-08-01,37,FLOKI-USD,111911231.5,90
2025-08-01,38,ATOM-USD,108294319.5,90
2025-08-01,39,XMR-USD,106378885.0,90
2025-08-01,40,LDO-USD,99227701.5,90
2025-08-01,41,ETC-USD,94128229.0,90
2025-08-01,42,GALA-USD,91456908.0,83
2025-08-01,43,BGB-USD,90116769.5,90
2025-08-01,44,CAKE-USD,85202647.5,90
2025-08-01,45,KAS-USD,81002619.0,90
2025-08-01,46,ENS-USD,80226001.0,90
2025-08-01,47,RENDER-USD,79435698.0,90
2025-08-01,48,ZEC-USD,78672696.5,90
2025-08-01,49,OM-USD,78162225.0,90
2025-08-01,50,ALGO-USD,77031246.0,90
2025-09-01,1,BTC-USD,56313895623.5,90
2025-09-01,2,ETH-USD,30435236668.0,90
2025-09-01,3,XRP-USD,5101996355.5,90
2025-09-01,4,SOL-USD,4984794292.0,90
2025-09-01,5,BNB-USD,1978507043.0,90
2025-09-01,6,DOGE-USD,1791911851.0,90
2025-09-01,7,KOGE-USD,1515607507.0,90
2025-09-01,8,SUI20947-USD,1156523971.0,90
2025-09-01,9,ADA-USD,1024025018.0,90
2025-09-01,10,TRX-USD,845481526.0,90
2025-09-01,11,PEPE24478-USD,841444106.5,90
2025-09-01,12,LINK-USD,598288450.0,90
2025-09-01,13,LTC-USD,549931390.5,90
2025-09-01,14,AVAX-USD,525484400.0,90
2025-09-01,15,UNI7083-USD,472718158.0,90
2025-09-01,16,AAVE-USD,465787618.0,90
2025-09-01,17,BCH-USD,442267370.5,90
2025-09-01,18,BONK-USD,363500737.5,90
2025-09-01,19,XLM-USD,327950943.5,90
2025-09-01,20,ARB11841-USD,313053212.0,90
2025-09-01,21,HBAR-USD,308387383.0,90
2025-09-01,22,DOT-USD,275065738.0,90
2025-09-01,23,MNT27075-USD,252996666.0,90
2025-09-01,24,TON11419-USD,220635707.5,90
2025-09-01,25,OP-USD,206402583.5,90
2025-09-01,26,SEI-USD,206322862.0,90
2025-09-01,27,SHIB-USD,200443128.0,90
2025-09-01,28,CRV-USD,193981102.0,90
2025-09-01,29,WLD-USD,191187318.5,90
2025-09-01,30,NEAR-USD,183870798.0,90
2025-09-01,31,FIL-USD,177532353.5,90
2025-09-01,32,APT21794-USD,166266696.5,90
2025-09-01,33,TAO22974-USD,137531921.0,90
2025-09-01,34,INJ-USD,136347052.5,90
2025-09-01,35,ETC-USD,126776753.0,90
2025-09-01,36,ATOM-USD,115004996.5,90
2025-09-01,37,FET-USD,114459015.0,90
2025-09-01,38,LDO-USD,112272059.5,90
2025-09-01,39,TIA-USD,111269208.0,90
2025-09-01,40,FLOKI-USD,111123834.0,90
2025-09-01,41,XMR-USD,103591232.0,90
2025-09-01,42,RUNE-USD,97125391.5,90
2025-09-01,43,BGB-USD,92612255.5,90
2025-09-01,44,PENDLE-USD,92169164.0,90
2025-09-01,45,ALGO-USD,91325158.5,90
2025-09-01,46,ENS-USD,88139111.0,90
2025-09-01,47,CAKE-USD,82985523.0,90
2025-09-01,48,MKR-USD,81971854.0,90
2025-09-01,49,ZEC-USD,81401498.0,90
2025-09-01,50,SPX28081-USD,76226133.0,90
2025-10-01,1,BTC-USD,58923243110.0,90
2025-10-01,2,ETH-USD,36002243534.5,90
2025-10-01,3,SOL-USD,7031149223.5,90
2025-10-01,4,XRP-USD,6229093485.0,90
2025-10-01,5,DOGE-USD,2638098973.5,90
2025-10-01,6,BNB-USD,2558591868.0,90
2025-10-01,7,KOGE-USD,1570095802.5,90
2025-10-01,8,ADA-USD,1315385080.5,90
2025-10-01,9,SUI20947-USD,1253571900.5,90
2025-10-01,10,TRX-USD,961426779.0,90
2025-10-01,11,LINK-USD,897604403.5,90
2025-10-01,12,AVAX-USD,723213498.0,90
2025-10-01,13,PEPE24478-USD,687271554.5,90
2025-10-01,14,LTC-USD,668641746.0,90
2025-10-01,15,AAVE-USD,457867831.0,90
2025-10-01,16,BCH-USD,442267370.5,90
2025-10-01,17,BONK-USD,419312429.0,90
2025-10-01,18,UNI7083-USD,395911150.0,90
2025-10-01,19,ARB11841-USD,373884808.5,90
2025-10-01,20,XLM-USD,345998500.5,90
2025-10-01,21,MNT27075-USD,345584890.0,90
2025-10-01,22,HBAR-USD,338615605.5,90
2025-10-01,23,DOT-USD,297502456.0,90
2025-10-01,24,SHIB-USD,221153727.0,90
2025-10-01,25,WLD-USD,213960874.0,90
2025-10-01,26,NEAR-USD,204268539.5,90
2025-10-01,27,OP-USD,202675852.5,90
2025-10-01,28,CRV-USD,199988370.5,90
2025-10-01,29,APT21794-USD,195281449.5,90
2025-10-01,30,TON11419-USD,192949553.5,90
2025-10-01,31,SEI-USD,192593254.5,90
2025-10-01,32,BGB-USD,186217990.5,90
2025-10-01,33,FIL-USD,185078668.5,90
2025-10-01,34,ETC-USD,138871369.0,90
2025-10-01,35,INJ-USD,136395645.0,90
2025-10-01,36,ATOM-USD,125792506.5,90
2025-10-01,37,TAO22974-USD,125282113.0,90
2025-10-01,38,FLOKI-USD,112600988.0,90
2025-10-01,39,LDO-USD,111170757.0,90
2025-10-01,40,TIA-USD,110894696.5,90
2025-10-01,41,XMR-USD,104477210.0,90
2025-10-01,42,OKB-USD,95828600.0,90
2025-10-01,43,ALGO-USD,94729055.0,90
2025-10-01,44,PENDLE-USD,92192686.5,90
2025-10-01,45,ZEC-USD,89658723.0,90
2025-10-01,46,FET-USD,89182538.5,90
2025-10-01,47,ENS-USD,85419727.5,90
2025-10-01,48,CAKE-USD,84383163.0,90
2025-10-01,49,CFX-USD,83583463.5,90
2025-10-01,50,RAY-USD,77226455.5,90
2025-11-01,1,BTC-USD,60783604141.0,90
2025-11-01,2,ETH-USD,39784423755.5,90
2025-11-01,3,SOL-USD,7521236768.0,90
2025-11-01,4,XRP-USD,5756507270.0,90
2025-11-01,5,BNB-USD,3197508475.0,90
2025-11-01,6,DOGE-USD,2815934392.0,90
2025-11-01,7,ADA-USD,1300540304.5,90
2025-11-01,8,KOGE-USD,1183665281.0,90
2025-11-01,9,SUI20947-USD,1177397930.0,90
2025-11-01,10,LINK-USD,976212027.5,90
2025-11-01,11,TRX-USD,921665376.0,90
2025-11-01,12,AVAX-USD,740079202.0,90
2025-11-01,13,LTC-USD,689302466.5,90
2025-11-01,14,PEPE24478-USD,582088116.5,90
2025-11-01,15,MNT27075-USD,439036404.5,90
2025-11-01,16,AAVE-USD,430429350.5,90
2025-11-01,17,BCH-USD,423716594.0,90
2025-11-01,18,ARB11841-USD,317654733.5,90
2025-11-01,19,UNI7083-USD,311134780.5,90
2025-11-01,20,XLM-USD,310896439.5,90
2025-11-01,21,DOT-USD,295166671.5,90
2025-11-01,22,BONK-USD,289583383.0,90
2025-11-01,23,HBAR-USD,278345296.0,90
2025-11-01,24,WLD-USD,214044595.5,90
2025-11-01,25,NEAR-USD,211557621.5,90
2025-11-01,26,SHIB-USD,208058874.0,90
2025-11-01,27,APT21794-USD,188233725.0,90
2025-11-01,28,BGB-USD,182238149.0,90
2025-11-01,29,CRV-USD,176878914.0,90
2025-11-01,30,FIL-USD,175146761.0,90
2025-11-01,31,OP-USD,172157854.0,90
2025-11-01,32,TON11419-USD,170788729.0,90
2025-11-01,33,POL28321-USD,170546080.5,90
2025-11-01,34,OKB-USD,168266971.0,90
2025-11-01,35,SEI-USD,164789861.0,90
2025-11-01,36,TAO22974-USD,135816645.0,90
2025-11-01,37,ETC-USD,130618544.0,90
2025-11-01,38,ATOM-USD,118033218.0,90
2025-11-01,39,LDO-USD,114201751.0,90
2025-11-01,40,INJ-USD,113273100.0,90
2025-11-01,41,XMR-USD,111640326.5,90
2025-11-01,42,ZEC-USD,101432299.5,90
2025-11-01,43,FLOKI-USD,99596535.5,90
2025-11-01,44,CAKE-USD,98194732.5,90
2025-11-01,45,TIA-USD,93616947.5,90
2025-11-01,46,PENDLE-USD,92489775.0,90
2025-11-01,47,GALA-USD,91075449.0,84
2025-11-01,48,ALGO-USD,87655608.0,90
2025-11-01,49,FET-USD,87574184.5,90
2025-11-01,50,WBT-USD,78791437.0,90
2025-12-01,1,BTC-USD,61440501149.0,90
2025-12-01,2,ETH-USD,37739626862.5,90
2025-12-01,3,SOL-USD,7333987109.5,90
2025-12-01,4,XRP-USD,5376028690.0,90
2025-12-01,5,BNB-USD,3405539588.5,90
2025-12-01,6,DOGE-USD,2548007332.0,90
2025-12-01,7,ADA-USD,1105040358.5,90
2025-12-01,8,SUI20947-USD,1020395509.5,90
2025-12-01,9,KOGE-USD,931700245.5,90
2025-12-01,10,LINK-USD,846748354.0,90
2025-12-01,11,TRX-USD,831600065.0,90
2025-12-01,12,LTC-USD,690204719.0,90
2025-12-01,13,AVAX-USD,657913011.5,90
2025-12-01,14,ZEC-USD,654255193.5,90
2025-12-01,15,PEPE24478-USD,472482271.0,90
2025-12-01,16,BCH-USD,449241436.0,90
2025-12-01,17,AAVE-USD,386754756.5,90
2025-12-01,18,UNI7083-USD,293807496.0,90
2025-12-01,19,DOT-USD,283172639.5,90
2025-12-01,20,HBAR-USD,264605368.5,90
2025-12-01,21,NEAR-USD,239633502.0,90
2025-12-01,22,XLM-USD,238572960.0,90
2025-12-01,23,MNT27075-USD,235857805.5,90
2025-12-01,24,ARB11841-USD,228474401.0,90
2025-12-01,25,BONK-USD,224482971.5,90
2025-12-01,26,TAO22974-USD,205736240.5,90
2025-12-01,27,WLD-USD,195472334.5,90
2025-12-01,28,FIL-USD,192158900.5,90
2025-12-01,29,SHIB-USD,179594997.5,90
2025-12-01,30,XMR-USD,171751970.0,90
2025-12-01,31,APT21794-USD,167073134.5,90
2025-12-01,32,CRV-USD,151790359.5,90
2025-12-01,33,DASH-USD,148509014.0,90
2025-12-01,34,TON11419-USD,148171882.5,90
2025-12-01,35,POL28321-USD,144163026.5,90
2025-12-01,36,OP-USD,139125618.5,90
2025-12-01,37,SEI-USD,127972503.0,90
2025-12-01,38,BGB-USD,118886109.5,90
2025-12-01,39,ETC-USD,118297096.0,90
2025-12-01,40,CAKE-USD,118120333.5,90
2025-12-01,41,LINEA-USD,115677133.5,82
2025-12-01,42,ATOM-USD,108067409.0,90
2025-12-01,43,OKB-USD,101176845.5,90
2025-12-01,44,LDO-USD,100333024.0,90
2025-12-01,45,FET-USD,100325692.0,90
2025-12-01,46,INJ-USD,98817782.0,90
2025-12-01,47,WBT-USD,93139488.5,90
2025-12-01,48,TIA-USD,86952355.5,90
2025-12-01,49,ICP-USD,85413169.0,90
2025-12-01,50,FLOKI-USD,83388064.0,90
2026-01-01,1,BTC-USD,64085250485.5,90
2026-01-01,2,ETH-USD,30321844512.5,90
2026-01-01,3,SOL-USD,5621577396.0,90
2026-01-01,4,XRP-USD,4142216766.5,90
2026-01-01,5,BNB-USD,2766625622.0,90
2026-01-01,6,DOGE-USD,1674737723.5,90
2026-01-01,7,ZEC-USD,907918845.0,90
2026-01-01,8,SUI20947-USD,895186598.5,90
2026-01-01,9,ADA-USD,824650161.0,90
2026-01-01,10,LINK-USD,714499863.0,90
2026-01-01,11,TRX-USD,661290602.0,90
2026-01-01,12,KOGE-USD,640096168.0,90
2026-01-01,13,LTC-USD,572465418.0,90
2026-01-01,14,AVAX-USD,446171050.5,90
2026-01-01,15,BCH-USD,410378523.0,90
2026-01-01,16,PEPE24478-USD,385036740.5,90
2026-01-01,17,AAVE-USD,337231846.0,90
2026-01-01,18,UNI7083-USD,278340276.0,90
2026-01-01,19,HBAR-USD,235295717.0,90
2026-01-01,20,DOT-USD,209442725.0,90
2026-01-01,21,NEAR-USD,209024259.5,90
2026-01-01,22,TAO22974-USD,203961881.5,90
2026-01-01,23,XLM-USD,198764333.5,90
2026-01-01,24,XMR-USD,177318651.0,90
2026-01-01,25,DASH-USD,169547765.5,90
2026-01-01,26,FIL-USD,158839922.0,90
2026-01-01,27,WIF-USD,154911377.5,90
2026-01-01,28,ARB11841-USD,154091889.0,90
2026-01-01,29,SHIB-USD,149538382.5,90
2026-01-01,30,MNT27075-USD,138995870.5,90
2026-01-01,31,WLD-USD,137183164.5,90
2026-01-01,32,TON11419-USD,130233342.5,90
2026-01-01,33,BONK-USD,128840258.5,90
2026-01-01,34,APT21794-USD,127394340.0,90
2026-01-01,35,CRV-USD,113052302.0,90
2026-01-01,36,WBT-USD,110178861.0,90
2026-01-01,37,POL28321-USD,109656541.0,90
2026-01-01,38,CAKE-USD,102971132.0,90
2026-01-01,39,ICP-USD,101029961.5,90
2026-01-01,40,FET-USD,100325692.0,90
2026-01-01,41,OP-USD,96629243.5,90
2026-01-01,42,ETC-USD,95361107.0,90
2026-01-01,43,SEI-USD,92262592.5,90
2026-01-01,44,LDO-USD,88474790.5,90
2026-01-01,45,ATOM-USD,81440120.5,90
2026-01-01,46,INJ-USD,79768716.5,90
2026-01-01,47,ZEN-USD,73800156.5,90
2026-01-01,48,TIA-USD,71159615.0,90
2026-01-01,49,BGB-USD,69609980.5,90
2026-01-01,50,LINEA-USD,64676333.5,90
2026-02-01,1,BTC-USD,51938648176.0,90
2026-02-01,2,ETH-USD,25252471836.5,90
2026-02-01,3,SOL-USD,4716256969.5,90
2026-02-01,4,XRP-USD,3464998069.0,90
2026-02-01,5,BNB-USD,2171061070.5,90
2026-02-01,6,DOGE-USD,1420206780.5,90
2026-02-01,7,SUI20947-USD,838788147.0,90
2026-02-01,8,ZEC-USD,761747177.5,90
2026-02-01,9,ADA-USD,646349290.0,90
2026-02-01,10,TRX-USD,603838911.5,90
2026-02-01,11,LINK-USD,577329635.0,90
2026-02-01,12,LTC-USD,449096116.0,90
2026-02-01,13,BCH-USD,424019135.0,90
2026-02-01,14,AVAX-USD,404220824.5,90
2026-02-01,15,PEPE24478-USD,387109650.0,90
2026-02-01,16,AAVE-USD,321700243.0,90
2026-02-01,17,UNI7083-USD,275177858.5,90
2026-02-01,18,NEAR-USD,188327285.0,90
2026-02-01,19,HBAR-USD,180355159.5,90
2026-02-01,20,DOT-USD,177049145.0,90
2026-02-01,21,DASH-USD,175355192.5,90
2026-02-01,22,KOGE-USD,172642277.0,90
2026-02-01,23,XMR-USD,170197952.5,90
2026-02-01,24,XLM-USD,168254152.0,90
2026-02-01,25,TAO22974-USD,151953692.5,90
2026-02-01,26,FIL-USD,150347652.5,90
2026-02-01,27,WIF-USD,141168231.0,90
2026-02-01,28,SHIB-USD,123556179.0,90
2026-02-01,29,ARB11841-USD,118670192.0,90
2026-02-01,30,ICP-USD,114368765.5,90
2026-02-01,31,BONK-USD,112825291.5,90
2026-02-01,32,TON11419-USD,112355913.0,90
2026-02-01,33,APT21794-USD,108489200.0,90
2026-02-01,34,MNT27075-USD,104172571.5,90
2026-02-01,35,WLD-USD,102877236.5,90
2026-02-01,36,WBT-USD,98584957.0,90
2026-02-01,37,POL28321-USD,90317120.5,90
2026-02-01,38,FET-USD,84634882.5,90
2026-02-01,39,OP-USD,81867707.0,90
2026-02-01,40,CRV-USD,77136189.5,90
2026-02-01,41,ETC-USD,77016897.0,90
2026-02-01,42,ONDO-USD,73936669.0,90
2026-02-01,43,SEI-USD,66135698.5,90
2026-02-01,44,ATOM-USD,61942057.0,90
2026-02-01,45,CHZ-USD,61039143.5,90
2026-02-01,46,INJ-USD,59062247.0,90
2026-02-01,47,BGB-USD,58609524.0,90
2026-02-01,48,ZEN-USD,58257845.0,90
2026-02-01,49,WBS-USD,56342680.0,90
2026-02-01,50,TIA-USD,52113154.5,90
2026-03-01,1,BTC-USD,43224946288.0,90
2026-03-01,2,ETH-USD,22721038551.0,90
2026-03-01,3,SOL-USD,4114564759.5,90
2026-03-01,4,XRP-USD,3061662436.5,90
2026-03-01,5,BNB-USD,2005742042.0,90
2026-03-01,6,DOGE-USD,1169054747.5,90
2026-03-01,7,SUI20947-USD,709739608.5,90
2026-03-01,8,ADA-USD,600856089.0,90
2026-03-01,9,TRX-USD,578289989.5,90
2026-03-01,10,LINK-USD,550683075.0,90
2026-03-01,11,ZEC-USD,542218364.5,90
2026-03-01,12,BCH-USD,416914700.0,90
2026-03-01,13,PEPE24478-USD,393044919.0,90
2026-03-01,14,LTC-USD,357040279.5,90
2026-03-01,15,AAVE-USD,336313485.0,90
2026-03-01,16,AVAX-USD,330329290.5,90
2026-03-01,17,UNI7083-USD,248880495.5,90
2026-03-01,18,NEAR-USD,163064509.5,90
2026-03-01,19,DOT-USD,152493678.0,90
2026-03-01,20,HBAR-USD,140397738.5,90
2026-03-01,21,XLM-USD,138600411.5,90
2026-03-01,22,KOGE-USD,129549677.0,90
2026-03-01,23,SHIB-USD,120753577.5,90
2026-03-01,24,FIL-USD,120418018.5,90
2026-03-01,25,TAO22974-USD,120104648.0,90
2026-03-01,26,XMR-USD,116638516.5,90
2026-03-01,27,WIF-USD,116032217.5,90
2026-03-01,28,ARB11841-USD,103693829.5,90
2026-03-01,29,DASH-USD,102617330.0,90
2026-03-01,30,TON11419-USD,96558620.0,90
2026-03-01,31,APT21794-USD,93791692.0,90
2026-03-01,32,WLD-USD,92307375.5,90
2026-03-01,33,VIRTUAL-USD,88489475.5,90
2026-03-01,34,ICP-USD,85563439.0,90
2026-03-01,35,WBT-USD,85160551.0,90
2026-03-01,36,POL28321-USD,84282674.0,90
2026-03-01,37,BONK-USD,83503758.0,90
2026-03-01,38,OP-USD,79550413.0,90
2026-03-01,39,MNT27075-USD,75234076.0,90
2026-03-01,40,CHZ-USD,74795953.0,90
2026-03-01,41,ETC-USD,68778777.0,90
2026-03-01,42,CRV-USD,65962035.0,90
2026-03-01,43,ONDO-USD,62230930.0,90
2026-03-01,44,FET-USD,59773744.0,90
2026-03-01,45,ATOM-USD,57394257.5,90
2026-03-01,46,INJ-USD,49611537.5,90
2026-03-01,47,WBS-USD,49144863.5,90
2026-03-01,48,SEI-USD,47926207.5,90
2026-03-01,49,STRK22691-USD,44760664.5,90
2026-03-01,50,MPRA-USD,44145402.0,88
2026-04-01,1,BTC-USD,41693886235.0,90
2026-04-01,2,ETH-USD,22398832977.0,90
2026-04-01,3,SOL-USD,4111063156.5,90
2026-04-01,4,XRP-USD,2777297598.0,90
2026-04-01,5,BNB-USD,1867734283.0,90
2026-04-01,6,DOGE-USD,1210516587.5,90
2026-04-01,7,SUI20947-USD,608101288.5,90
2026-04-01,8,LINK-USD,585150159.5,90
2026-04-01,9,TRX-USD,576450950.5,90
2026-04-01,10,ADA-USD,525580506.0,90
2026-04-01,11,ZEC-USD,418579576.5,90
2026-04-01,12,PEPE24478-USD,391853712.0,90
2026-04-01,13,BCH-USD,382403790.5,90
2026-04-01,14,AAVE-USD,348597158.5,90
2026-04-01,15,LTC-USD,335377134.0,90
2026-04-01,16,AVAX-USD,295472043.5,90
2026-04-01,17,UNI7083-USD,233737664.5,90
2026-04-01,18,NEAR-USD,173155138.0,90
2026-04-01,19,DOT-USD,149883857.5,90
2026-04-01,20,TAO22974-USD,146343302.5,90
2026-04-01,21,XLM-USD,127403571.5,90
2026-04-01,22,SHIB-USD,123556179.0,90
2026-04-01,23,HBAR-USD,119438421.5,90
2026-04-01,24,WLD-USD,112860566.0,90
2026-04-01,25,FIL-USD,112346055.0,90
2026-04-01,26,ENA-USD,111037695.5,90
2026-04-01,27,KOGE-USD,101800057.0,90
2026-04-01,28,TON11419-USD,94793393.0,90
2026-04-01,29,WMTX-USD,94322432.5,90
2026-04-01,30,FET-USD,94180944.5,90
2026-04-01,31,WIF-USD,92871045.5,90
2026-04-01,32,ARB11841-USD,92107025.5,90
2026-04-01,33,XMR-USD,90203313.0,90
2026-04-01,34,VIRTUAL-USD,86837458.0,90
2026-04-01,35,DASH-USD,85590318.0,90
2026-04-01,36,APT21794-USD,82284726.5,90
2026-04-01,37,POL28321-USD,81000810.0,90
2026-04-01,38,WBT-USD,78865741.0,90
2026-04-01,39,OP-USD,76493075.5,90
2026-04-01,40,ICP-USD,74545972.0,90
2026-04-01,41,CHZ-USD,69087385.0,90
2026-04-01,42,BONK-USD,68966063.5,90
2026-04-01,43,ETC-USD,65466694.0,90
2026-04-01,44,CRV-USD,60238059.5,90
2026-04-01,45,ONDO-USD,58207110.5,90
2026-04-01,46,RENDER-USD,56249263.5,90
2026-04-01,47,ATOM-USD,55044967.5,90
2026-04-01,48,INJ-USD,51601973.0,90
2026-04-01,49,MNT27075-USD,48715201.0,90
2026-04-01,50,COMP5692-USD,44267981.0,90
